accident_id,accident_date,accident_time,hour_of_day,month,location_id,location_name,zone,road_type,severity,weather_condition,lighting_condition,vehicle_type,reported_cause,casualties,latitude,longitude
ACC-0803,2026-03-21,20:30,20,2026-03,L003,Market Ring Road,central,local_road,major,wind,night_lit,cycle,signal_violation,2,28.607495759427533,77.21848686761959
ACC-1584,2026-05-25,13:50,13,2026-05,L005,Metro Link Turn,west,arterial,moderate,fog,dusk,car,wrong_side_entry,0,28.59709802899656,77.18967580059794
ACC-1526,2026-05-27,21:30,21,2026-05,L001,Maple Junction,central,local_road,moderate,clear,dusk,truck,low_visibility,1,28.61389180226775,77.21574211262639
ACC-0724,2026-05-11,06:50,6,2026-05,L001,Maple Junction,central,signalized_crossing,minor,rain,dusk,car,signal_violation,0,28.614637178655155,77.22297444965088
ACC-0774,2026-02-07,17:50,17,2026-02,L001,Maple Junction ,central,arterial,moderate,wind,night_poor_light,auto_rickshaw,wet_surface,1,28.606725091089626,77.20998637319508
ACC-0198,2026-01-19,15:45,15,2026-01,L006,Industrial Belt Exit,south,local_road,moderate,rain,night_poor_light,truck,wrong_side_entry,0,28.56927997353355,77.25026300069953
ACC-0975,2026-06-03,17:10,17,2026-06,L011, Depot Crossing,south,junction,major,rain,night_lit,two_wheeler,wet_surface,1,28.561296495170353,77.21747197557286
ACC-1911,2026-06-11,19:45,19,2026-06,L008,Old Bridge Approach,north,bridge_approach,minor,clear,daylight,car,low_visibility,0,28.64887900284355,77.21921865449254
ACC-0763,2026-05-25,23:25,23,2026-05,L001,maple junction,central,signalized_crossing,minor,fog,night_lit,bus,low_visibility,0,28.609285660930315,77.20864710370236
ACC-0820,2026-03-05,20:05,20,2026-03,L012,Green Park Turn,west,local_road,moderate,rain,night_lit,cycle,pedestrian_conflict,1,28.56948857257549,77.19712557683603
ACC-1030,2026-01-27,22:15,22,2026-01,L009,Hospital Service Road,central,local_road,minor,rain,dusk,two_wheeler,low_visibility,0,28.627522776350325,77.2097876564981
ACC-1621,2026-01-24,22:20,22,2026-01,L003,Market Ring Road,central,arterial,minor,clear,dusk,bus,signal_violation,0,28.603448705670896,77.23204597730603
ACC-0424,2026-04-12,22:10,22,2026-04,L005,Metro Link Turn,west,local_road,minor,clear,night_poor_light,truck,wrong_side_entry,0,28.597118724601252,77.18523314350729
ACC-0314,2026-03-19,23:45,23,2026-03,L012,Green Park Turn,west,local_road,minor,wind,dusk,truck,pedestrian_conflict,0,28.572725914220587,77.19079526731076
ACC-0662,2026-06-27,08:10,8,2026-06,L002,Riverside Flyover,east,flyover,minor,clear,night_lit,car,low_visibility,0,28.6196590917161,77.23067481401193
ACC-0590,2026-02-07,15:25,15,2026-02,L003,Market Ring Road,central,local_road,moderate,rain,night_lit,auto_rickshaw,low_visibility,0,28.61035361144184,77.21808806250938
ACC-0318,2026-03-22,10:15,10,2026-03,L004,School Gate Road,north,local_road,moderate,clear,dusk,auto_rickshaw,low_visibility,1,28.644261486247203,77.19846010439164
ACC-0252,2026-06-07,00:45,0,2026-06,L003,Market Ring Road,central,junction,moderate,clear,night_poor_light,bus,wet_surface,0,28.607421797234952,77.22461139183685
ACC-1245,2026-04-01,04:05,4,2026-04,L005,Metro Link Turn,west,local_road,major,wind,night_lit,auto_rickshaw,wet_surface,2,28.597171193423964,77.18580515166867
ACC-0869,2026-01-13,03:00,3,2026-01,L004,School Gate Road,north,junction,moderate,rain,night_lit,two_wheeler,wet_surface,1,28.63875996840701,77.19417900389989
ACC-0470,2026-01-27,05:40,5,2026-01,L001,Maple Junction,central,arterial,minor,fog,night_lit,truck,low_visibility,0,28.613299737311106,77.20752216859671
ACC-0152,2026-01-23,22:25,22,2026-01,L011,Depot Crossing,south,local_road,minor,clear,night_poor_light,bus,low_visibility,0,28.57198700469687,77.21525029389038
ACC-0181,2026-05-01,10:50,10,2026-05,L007,Lakeview Avenue,west,collector_road,moderate,clear,daylight,cycle,wet_surface,1,28.592469697802365,77.17654494552723
ACC-1502,2026-02-08,12:35,12,2026-02,L006,Industrial Belt Exit,south,arterial,major,rain,daylight,cycle,low_visibility,2,28.57164566016395,77.25029832684723
ACC-1380,2026-05-15,09:30,9,2026-05,L006,Industrial Belt Exit,south,local_road,moderate,clear,daylight,auto_rickshaw,pedestrian_conflict,0,28.56713233967045,77.24603820187815
ACC-0023,2026-03-06,19:40,19,2026-03,L006,Industrial Belt Exit,south,local_road,moderate,wind,daylight,car,wet_surface,1,28.578806279249065,77.24552723709552
ACC-0035,2026-05-13,12:25,12,2026-05,L003,Market Ring Road,central,local_road,critical,clear,night_lit,bus,wrong_side_entry,2,28.60800824048651,77.22123433800463
ACC-0831,2026-01-20,17:00,17,2026-01,L010,Airport Link Signal,east,local_road,critical,clear,night_poor_light,cycle,signal_violation,2,28.626126138505278,77.2532577012089
ACC-0151,2026-01-10,09:10,9,2026-01,L009,Hospital Service Road,central,service_road,major,wind,night_lit,car,pedestrian_conflict,2,28.627233603468994,77.20981934377991
ACC-1205,2026-05-24,17:05,17,2026-05,L001,Maple Junction,central,arterial,moderate,clear,night_lit,two_wheeler,signal_violation,0,28.613427652361878,77.2159516534526
ACC-1323,2026-03-18,08:25,8,2026-03,L004,School Gate Road,north,arterial,moderate,clear,dusk,truck,sudden_lane_change,1,28.6366565757019,77.20833537806197
ACC-1777,2026-01-24,22:55,22,2026-01,L001,Maple Junction,central,junction,moderate,rain,night_lit,auto_rickshaw,wet_surface,0,28.61913743486503,77.21602913328374
ACC-1822,2026-04-12,15:30,15,2026-04,L001,maple junction,central,junction,moderate,rain,daylight,truck,pedestrian_conflict,0,28.6083357338607,77.21188681197194
ACC-0219,2026-04-28,21:05,21,2026-04,L002,Riverside Flyover,east,flyover,minor,rain,night_lit,bus,tailgating,0,28.624495584590772,77.24502031735935
ACC-1680,2026-04-23,22:00,22,2026-04,L003,Market Ring Road,central,junction,minor,wind,daylight,bus,tailgating,0,28.60000015790323,77.22524932412185
ACC-0507,2026-01-31,17:10,17,2026-01,L001,Maple Junction,central,local_road,major,clear,dusk,truck,signal_violation,1,28.61491777929425,77.22232389782799
ACC-0121,2026-05-17,13:30,13,2026-05,L001,Maple Junction,central,arterial,minor,clear,night_poor_light,car,sudden_lane_change,0,28.614834229326252,77.20962966548561
ACC-0068,2026-03-06,22:20,22,2026-03,L012,Green Park Turn,west,junction,minor,wind,daylight,two_wheeler,wrong_side_entry,0,28.58133399552581,77.19736191722615
ACC-0414,2026-01-18,16:30,16,2026-01,L001,Maple Junction,central,signalized_crossing,major,wind,night_lit,bus,low_visibility,2,28.618562674011876,77.21888748511506
ACC-0684,2026-05-29,11:55,11,2026-05,L009,Hospital Service Road,central,junction,minor,rain,dusk,car,low_visibility,0,28.61406134361764,77.20135748263651
ACC-0696,2026-06-08,11:10,11,2026-06,L006,Industrial Belt Exit,south,junction,major,rain,night_lit,auto_rickshaw,sudden_lane_change,2,28.565815102849992,77.24476701682451
ACC-0545,2026-01-23,08:40,8,2026-01,L001,Maple Junction ,central,arterial,minor,clear,dusk,car,tailgating,0,28.61813349094701,77.21251931913243
ACC-0945,2026-01-13,09:35,9,2026-01,L006,Industrial Belt Exit,south,arterial,minor,clear,night_lit,bus,wet_surface,0,28.57701341247677,77.24122667228757
ACC-1811,2026-01-11,06:05,6,2026-01,L012,Green Park Turn,west,junction,moderate,clear,night_lit,truck,tailgating,0,28.578158205829965,77.1877040719471
ACC-1305,2026-04-28,00:30,0,2026-04,L005,Metro Link Turn,west,junction,moderate,clear,daylight,car,overspeeding,1,28.595932488131243,77.18364308019177
ACC-0047,2026-05-01,23:40,23,2026-05,L004,School Gate Road,north,local_road,moderate,rain,night_lit,car,low_visibility,0,28.643325422394774,77.20744695869519
ACC-1819,2026-06-17,17:30,17,2026-06,L005,Metro Link Turn,west,junction,major,rain,dusk,cycle,low_visibility,2,28.595124394954002,77.18340150179637
ACC-0584,2026-06-24,20:45,20,2026-06,L007,Lakeview Avenue,west,collector_road,critical,clear,dusk,two_wheeler,low_visibility,3,28.58911668771306,77.17322720376059
ACC-0894,2026-04-02,01:55,1,2026-04,L002,Riverside Flyover,east,flyover,moderate,clear,daylight,truck,sudden_lane_change,0,28.613918641498735,77.23042351610711
ACC-0383,2026-06-16,09:25,9,2026-06,L007,Lakeview Avenue,west,junction,minor,cloudy,dusk,two_wheeler,overspeeding,0,28.59521934287275,77.17414192618814
ACC-1170,2026-04-30,07:50,7,2026-04,L011,depot crossing,south,local_road,moderate,rain,daylight,car,overspeeding,0,28.561823704542196,77.21307627877793
ACC-0422,2026-05-04,19:10,19,2026-05,L004,School Gate Road,north,arterial,moderate,,daylight,two_wheeler,wrong_side_entry,1,28.642723597233,77.19595823757712
ACC-1439,2026-05-15,09:50,9,2026-05,L009,Hospital Service Road,central,arterial,minor,cloudy,daylight,truck,wrong_side_entry,1,28.625277605799408,77.21389437203933
ACC-1920,2026-05-28,17:55,17,2026-05,L007,Lakeview Avenue,west,collector_road,moderate,rain,dusk,two_wheeler,signal_violation,1,28.588433437817557,77.17960294539006
ACC-1102,2026-06-17,17:15,17,2026-06,L012,Green Park Turn,west,junction,minor,cloudy,night_lit,two_wheeler,wrong_side_entry,0,28.580137332617248,77.18502742372122
ACC-1808,2026-06-14,16:10,16,2026-06,L004,School Gate Road,north,local_road,major,fog,dusk,two_wheeler,wrong_side_entry,1,28.64199737047172,77.20260228741924
ACC-0058,2026-04-04,18:35,18,2026-04,L003,Market Ring Road,central,junction,major,,night_poor_light,bus,low_visibility,1,28.60774391864885,77.22752529964798
ACC-0203,2026-05-27,09:05,9,2026-05,L003,Market Ring Road,central,local_road,critical,cloudy,daylight,auto_rickshaw,low_visibility,3,28.611127250882088,77.21991014642991
ACC-0703,2026-02-02,19:35,19,2026-02,L002,Riverside Flyover,east,flyover,major,clear,dusk,bus,low_visibility,2,28.621061609209296,77.2310766268967
ACC-0469,2026-03-14,10:50,10,2026-03,L006,Industrial Belt Exit,south,arterial,minor,clear,dusk,car,low_visibility,0,28.56997401861925,77.24056044695915
ACC-0519,2026-03-15,00:00,0,2026-03,L012,Green Park Turn,west,junction,moderate,rain,dusk,truck,signal_violation,1,28.57782316593099,77.19925269258785
ACC-1061,2026-05-21,08:30,8,2026-05,L008,Old Bridge Approach,north,bridge_approach,major,clear,daylight,auto_rickshaw,sudden_lane_change,2,28.643281666791232,77.2135969006607
ACC-1884,2026-02-16,09:20,9,2026-02,L009,Hospital Service Road,central,local_road,minor,fog,dusk,bus,signal_violation,0,28.616470801934053,77.20990741860217
ACC-1461,2026-03-20,02:55,2,2026-03,L011,Depot Crossing,south,local_road,minor,rain,night_poor_light,two_wheeler,overspeeding,0,28.56148325632068,77.22592986288043
ACC-1462,2026-06-30,11:35,11,2026-06,L005,Metro Link Turn,west,local_road,minor,rain,night_lit,cycle,tailgating,0,28.595450025626224,77.1814921552672
ACC-1687,2026-04-10,09:20,9,2026-04,L012,Green Park Turn,west,local_road,moderate,clear,night_lit,truck,wet_surface,0,28.578492554254332,77.1920204679355
ACC-1933,2026-06-11,16:55,16,2026-06,L006,Industrial Belt Exit,south,junction,minor,wind,daylight,two_wheeler,wet_surface,0,28.563036946633407,77.2470420994411
ACC-1800,2026-02-20,19:40,19,2026-02,L003,market ring road,central,junction,critical,rain,dusk,car,overspeeding,2,28.61163088209082,77.22169621424524
ACC-1495,2026-06-19,08:00,8,2026-06,L006,Industrial Belt Exit,south,local_road,moderate,cloudy,dusk,two_wheeler,tailgating,0,28.573758184515864,77.24706503253402
ACC-0323,2026-03-28,19:00,19,2026-03,L007,Lakeview Avenue,west,collector_road,minor,clear,daylight,bus,overspeeding,0,28.582816937226053,77.16807065618369
ACC-1490,2026-06-15,22:40,22,2026-06,L011,Depot Crossing,south,signalized_crossing,minor,fog,daylight,bus,signal_violation,0,28.55890816427184,77.21781114827789
ACC-0800,2026-06-08,06:00,6,2026-06,L010,Airport Link Signal,east,arterial,minor,clear,night_lit,bus,signal_violation,0,28.62777226126643,77.26613394368225
ACC-1663,2026-06-23,16:50,16,2026-06,L005,Metro Link Turn,west,local_road,major,clear,night_lit,bus,wet_surface,1,28.600896863785728,77.18981067534193
ACC-1282,2026-04-20,09:55,9,2026-04,L007,Lakeview Avenue,west,junction,major,rain,night_lit,bus,pedestrian_conflict,1,28.59653800964331,77.17386400902024
ACC-1595,2026-01-14,12:20,12,2026-01,L004,School Gate Road,north,local_road,minor,clear,daylight,two_wheeler,tailgating,0,28.630354730536762,77.2052053586418
ACC-0306,2026-05-23,19:20,19,2026-05,L006,Industrial Belt Exit,south,local_road,major,clear,daylight,two_wheeler,sudden_lane_change,1,28.56871816744367,77.23684621325405
ACC-0805,2026-05-30,08:55,8,2026-05,L007,Lakeview Avenue,west,junction,minor,rain,dusk,two_wheeler,wet_surface,0,28.58828549202092,77.17902996023479
ACC-1754,2026-06-16,18:45,18,2026-06,L012,Green Park Turn,west,junction,critical,fog,dusk,auto_rickshaw,tailgating,3,28.575039602435968,77.18971328799111
ACC-0134,2026-02-20,16:35,16,2026-02,L003,Market Ring Road,central,local_road,minor,cloudy,night_poor_light,car,low_visibility,0,28.6099654982557,77.22172867281986
ACC-1406,2026-06-09,10:55,10,2026-06,L003,Market Ring Road,central,arterial,minor,,daylight,truck,signal_violation,0,28.60259830871703,77.2296204632204
ACC-1574,2026-03-30,10:50,10,2026-03,L004,School Gate Road,north,arterial,major,wind,dusk,two_wheeler,wet_surface,1,28.638124633760054,77.20438888944793
ACC-0532,2026-01-04,21:50,21,2026-01,L006,Industrial Belt Exit,south,junction,major,rain,night_poor_light,car,low_visibility,1,28.566934619681465,77.2453814939709
ACC-0486,2026-04-07,00:10,0,2026-04,L005,Metro Link Turn,west,junction,minor,clear,daylight,truck,wet_surface,0,28.60216780733399,77.18098920687538
ACC-0099,2026-04-04,17:45,17,2026-04,L006,Industrial Belt Exit,south,local_road,major,clear,daylight,car,tailgating,2,28.56392378849492,77.24339805289182
ACC-1390,2026-05-16,17:05,17,2026-05,L009,Hospital Service Road,central,service_road,minor,fog,,two_wheeler,signal_violation,0,28.61826827323721,77.20993820761727
ACC-1059,2026-04-25,22:40,22,2026-04,L011,Depot Crossing,south,arterial,minor,,night_lit,two_wheeler,low_visibility,0,28.567101534041836,77.214421077022
ACC-0255,2026-05-21,14:05,14,2026-05,L005,Metro Link Turn,west,local_road,moderate,fog,night_lit,truck,sudden_lane_change,0,28.598406259605305,77.19192038936892
ACC-1609,2026-06-16,12:15,12,2026-06,L004,School Gate Road,north,arterial,major,rain,night_poor_light,bus,tailgating,2,28.633763145133596,77.19918605740122
ACC-1167,2026-03-30,21:15,21,2026-03,L010,Airport Link Signal,east,local_road,moderate,clear,night_poor_light,truck,pedestrian_conflict,0,28.637547965451727,77.26147770375874
ACC-1109,2026-06-27,20:55,20,2026-06,L005,Metro Link Turn,west,junction,minor,clear,daylight,car,tailgating,0,28.59842602825322,77.18078118578407
ACC-1879,2026-05-28,13:05,13,2026-05,L003,Market Ring Road,central,arterial,minor,cloudy,daylight,cycle,tailgating,0,28.60123485355042,77.23103651056186
ACC-0331,2026-06-19,08:00,8,2026-06,L012,Green Park Turn,west,arterial,moderate,clear,daylight,truck,overspeeding,1,28.571700095301843,77.19041655857777
ACC-0608,2026-02-27,10:10,10,2026-02,L012,Green Park Turn,west,junction,minor,,night_lit,truck,low_visibility,0,28.576094101684383,77.19475580910151
ACC-0682,2026-06-28,13:10,13,2026-06,L003,Market Ring Road,central,junction,moderate,clear,daylight,truck,low_visibility,1,28.610861919292322,77.21933779831731
ACC-1233,2026-03-29,04:20,4,2026-03,L005,Metro Link Turn,west,local_road,moderate,fog,daylight,car,signal_violation,1,28.60091911428585,77.18379718232167
ACC-1575,2026-04-12,15:10,15,2026-04,L004,School-Gate Road,north,arterial,minor,clear,dusk,auto_rickshaw,wrong_side_entry,0,28.637720439981955,77.20051899464316
ACC-0441,2026-03-24,13:45,13,2026-03,L003,Market Ring Road,central,local_road,minor,clear,dusk,bus,sudden_lane_change,0,28.61360201851694,77.23131860844683
ACC-1815,2026-04-08,10:30,10,2026-04,L004,School Gate Road,north,junction,minor,cloudy,night_poor_light,two_wheeler,low_visibility,0,28.633347085589925,77.20298589536701
ACC-1328,2026-03-03,13:20,13,2026-03,L012,Green Park Turn,west,junction,moderate,fog,night_lit,car,sudden_lane_change,1,28.570303799427066,77.18475335847226
ACC-1347,2026-01-08,17:35,17,2026-01,L005,Metro Link Turn,west,arterial,major,rain,night_poor_light,auto_rickshaw,low_visibility,2,28.59258440537374,77.19055185903348
ACC-1499,2026-04-01,03:50,3,2026-04,L004,School Gate Road,north,local_road,minor,wind,dusk,cycle,overspeeding,0,28.636951608208484,77.1964735898963
ACC-1261,2026-05-12,19:10,19,2026-05,L003,Market Ring Road,central,local_road,moderate,,night_lit,car,tailgating,0,28.60519626870978,77.22026723877669
ACC-0581,2026-05-12,13:35,13,2026-05,L012,Green Park Turn,west,local_road,major,cloudy,night_lit,truck,overspeeding,1,28.574816965301544,77.184525448489
ACC-1144,2026-06-14,09:15,9,2026-06,L005,Metro Link Turn,west,junction,minor,clear,night_lit,two_wheeler,tailgating,0,28.602439275144626,77.1911835556353
ACC-0620,2026-06-06,00:25,0,2026-06,L006,Industrial Belt Exit,south,local_road,major,,night_lit,car,tailgating,2,28.567417446085187,77.24003219317763
ACC-0292,2026-04-01,11:00,11,2026-04,L001,Maple Junction,central,arterial,moderate,rain,,two_wheeler,sudden_lane_change,1,28.617140661132094,77.21423906189148
ACC-1587,2026-04-06,21:10,21,2026-04,L005,Metro Link Turn,west,arterial,moderate,rain,daylight,cycle,low_visibility,0,28.593260042013487,77.18261877971791
ACC-1393,2026-03-21,08:25,8,2026-03,L011,depot crossing,south,signalized_crossing,critical,fog,daylight,car,pedestrian_conflict,3,28.565751205460575,77.22706058325049
ACC-1394,2026-05-21,22:10,22,2026-05,L010,Airport Link Signal,east,arterial,minor,clear,daylight,bus,low_visibility,0,28.63310788705221,77.25706982659257
ACC-1417,2026-06-15,11:55,11,2026-06,L010,Airport Link Signal,east,junction,moderate,clear,night_lit,two_wheeler,low_visibility,0,28.637297475868692,77.26528551356252
ACC-0972,2026-03-09,20:45,20,2026-03,L012,Green Park Turn,west,local_road,major,clear,night_poor_light,two_wheeler,wrong_side_entry,2,28.571172556501136,77.19185535968819
ACC-1249,2026-02-22,17:05,17,2026-02,L004,School Gate Road,north,arterial,minor,wind,night_poor_light,two_wheeler,wet_surface,0,28.635270766766997,77.20225433111627
ACC-1636,2026-06-22,07:40,7,2026-06,L010,Airport Link Signal,east,arterial,minor,clear,daylight,auto_rickshaw,wet_surface,1,28.63546145853108,77.26112324389817
ACC-1738,2026-03-15,19:35,19,2026-03,L002,Riverside Flyover,east,flyover,moderate,wind,daylight,truck,signal_violation,0,28.6276750761628,77.24446542465093
ACC-0439,2026-06-23,11:20,11,2026-06,L011,Depot Crossing,south,junction,minor,clear,night_lit,car,wet_surface,1,28.55861218719851,77.21595744004873
ACC-1965,2026-04-03,15:20,15,2026-04,L003,Market Ring Road,central,local_road,moderate,clear,night_poor_light,bus,sudden_lane_change,0,28.60771815516662,77.22250829565955
ACC-1369,2026-03-27,22:25,22,2026-03,L004,School Gate Road,north,local_road,minor,clear,dusk,auto_rickshaw,signal_violation,0,28.631590746567074,77.20092206498235
ACC-0748,2026-01-07,08:35,8,2026-01,L011,Depot Crossing,south,arterial,moderate,fog,daylight,bus,low_visibility,1,28.57179427773068,77.21595626284191
ACC-0809,2026-03-19,00:10,0,2026-03,L002,Riverside Flyover,east,flyover,moderate,wind,daylight,two_wheeler,pedestrian_conflict,0,28.625244282231165,77.24095117910286
ACC-0926,2026-04-13,18:15,18,2026-04,L003,Market Ring Road,central,junction,minor,clear,night_poor_light,car,signal_violation,0,28.604030146798983,77.22212804349482
ACC-0409,2026-02-16,17:05,17,2026-02,L001,Maple Junction,central,signalized_crossing,major,clear,night_lit,cycle,signal_violation,2,28.616668584586055,77.21301065285242
ACC-0664,2026-04-09,15:30,15,2026-04,L004,School Gate Road,north,local_road,major,clear,daylight,cycle,tailgating,2,28.634566107684574,77.19346107965058
ACC-0005,2026-01-05,08:35,8,2026-01,L006,Industrial Belt Exit,south,highway_ramp,major,clear,daylight,cycle,wet_surface,1,28.57509251452054,77.24977764655466
ACC-1091,2026-03-29,06:15,6,2026-03,L003,Market Ring Road,central,junction,moderate,clear,night_lit,truck,tailgating,0,28.603988085113368,77.22449931872477
ACC-1382,2026-01-18,16:40,16,2026-01,L004,School Gate Road,north,junction,major,clear,daylight,car,pedestrian_conflict,1,28.630982925448528,77.20005299726611
ACC-1709,2026-05-10,20:40,20,2026-05,L003,Market Ring Road,central,arterial,minor,,daylight,bus,low_visibility,0,28.607084253000515,77.23136431874431
ACC-0952,2026-01-27,04:05,4,2026-01,L003,Market Ring Road,central,local_road,minor,clear,night_lit,auto_rickshaw,low_visibility,0,28.609856357127327,77.22331018318268
ACC-1857,2026-04-12,14:30,14,2026-04,L011,Depot Crossing,south,signalized_crossing,minor,clear,night_poor_light,cycle,tailgating,1,28.572337672876607,77.21977662650939
ACC-1122,2026-04-20,16:55,16,2026-04,L009,Hospital Service Road,central,arterial,moderate,clear,daylight,two_wheeler,wet_surface,0,28.61467473005913,77.20122159854309
ACC-1582,2026-06-22,17:15,17,2026-06,L006,Industrial Belt Exit,south,highway_ramp,moderate,wind,night_poor_light,car,wet_surface,0,28.571451413428445,77.24053322517307
ACC-1676,2026-06-10,22:30,22,2026-06,L005,Metro Link Turn,west,arterial,moderate,clear,night_lit,two_wheeler,wet_surface,0,28.591159668322444,77.17856172231183
ACC-1765,2026-03-07,08:15,8,2026-03,L011,Depot Crossing,south,local_road,moderate,clear,night_lit,car,signal_violation,0,28.56725982543338,77.2198745059852
ACC-1137,2026-02-04,22:00,22,2026-02,L005,Metro Link Turn,west,local_road,minor,clear,daylight,bus,low_visibility,0,28.596771914994857,77.1780619826711
ACC-1121,2026-06-07,10:40,10,2026-06,L005,Metro Link Turn,west,junction,moderate,fog,night_lit,auto_rickshaw,low_visibility,0,28.591602400699006,77.18126831356767
ACC-0082,2026-03-30,20:50,20,2026-03,L002,Riverside Flyover,east,flyover,minor,clear,night_poor_light,two_wheeler,pedestrian_conflict,0,28.62631881466914,77.2435349392985
ACC-1681,2026-06-27,22:45,22,2026-06,L006,industrial belt exit,south,local_road,moderate,clear,daylight,two_wheeler,sudden_lane_change,1,28.56683381417364,77.24995007222236
ACC-1147,2026-05-26,17:25,17,2026-05,L001,Maple Junction,central,local_road,moderate,rain,daylight,cycle,wet_surface,0,28.615114211256728,77.20841415191046
ACC-0966,2026-05-28,13:05,13,2026-05,L001,Maple Junction,central,signalized_crossing,minor,clear,daylight,truck,tailgating,0,28.618922658884184,77.21972119626844
ACC-0320,2026-01-22,08:30,8,2026-01,L006,Industrial Belt Exit,south,arterial,minor,clear,night_poor_light,car,low_visibility,0,28.57644608781938,77.24457334437538
ACC-0573,2026-03-01,14:20,14,2026-03,L009,Hospital Service Road,central,junction,moderate,clear,night_lit,two_wheeler,tailgating,0,28.623182670000677,77.20990201547434
ACC-0054,2026-01-09,02:45,2,2026-01,L005,Metro Link Turn,west,arterial,moderate,clear,night_lit,truck,signal_violation,1,28.59354479610269,77.18584170938055
ACC-0568,2026-04-07,18:25,18,2026-04,L003,Market Ring Road,central,local_road,major,clear,night_lit,bus,pedestrian_conflict,2,28.6025586001006,77.2170808167943
ACC-1337,2026-04-06,08:50,8,2026-04,L001,Maple Junction,central,local_road,minor,clear,daylight,cycle,overspeeding,0,28.6074508020421,77.2164301860248
ACC-1947,2026-01-12,13:50,13,2026-01,L008,Old Bridge Approach,north,bridge_approach,major,clear,night_poor_light,two_wheeler,pedestrian_conflict,2,28.64257945687394,77.2206718479101
ACC-0510,2026-01-07,14:45,14,2026-01,L004,school gate road,north,arterial,major,clear,dusk,auto_rickshaw,low_visibility,2,28.64124945328653,77.20524918756574
ACC-0382,2026-02-21,19:55,19,2026-02,L002,Riverside Flyover,east,flyover,minor,clear,dusk,bus,signal_violation,0,28.618209853500286,77.24411875339092
ACC-0881,2026-05-16,09:55,9,2026-05,L006,Industrial Belt Exit,south,junction,moderate,wind,daylight,cycle,signal_violation,0,28.57647434973304,77.24786998481049
ACC-0370,2026-06-21,09:45,9,2026-06,L003,Market Ring Road,central,junction,critical,clear,dusk,bus,low_visibility,2,28.601137388704334,77.23013797553043
ACC-1341,2026-01-16,01:55,1,2026-01,L001,Maple Junction,central,signalized_crossing,moderate,wind,night_poor_light,cycle,wrong_side_entry,1,28.60610749656438,77.21997775977516
ACC-1921,2026-06-04,13:05,13,2026-06,L003,Market Ring Road,central,arterial,minor,clear,night_lit,car,tailgating,0,28.602988062977076,77.22282817445836
ACC-1186,2026-02-21,02:00,2,2026-02,L003,Market Ring Road,central,local_road,moderate,clear,daylight,truck,sudden_lane_change,0,28.610386740236642,77.22008908587034
ACC-0442,2026-01-20,09:05,9,2026-01,L003,Market Ring Road,central,local_road,minor,wind,daylight,auto_rickshaw,wet_surface,0,28.611924091519533,77.2325446146816
ACC-0423,2026-04-23,19:40,19,2026-04,L002, Riverside Flyover,east,flyover,critical,cloudy,daylight,truck,overspeeding,3,28.619155726051392,77.23502873732126
ACC-0809,2026-03-19,00:10,0,2026-03,L002,Riverside Flyover,east,flyover,moderate,wind,daylight,two_wheeler,pedestrian_conflict,0,28.625244282231165,77.24095117910286
ACC-1322,2026-02-11,09:00,9,2026-02,L011,Depot Crossing,south,local_road,minor,clear,daylight,two_wheeler,overspeeding,0,28.564706933126267,77.22544337170063
ACC-0432,2026-05-29,18:55,18,2026-05,L003,Market Ring Road,central,arterial,minor,clear,dusk,car,wet_surface,0,28.60397253918287,77.21881173614716
ACC-1234,2026-01-09,09:00,9,2026-01,L010,Airport Link Signal,east,arterial,minor,fog,dusk,auto_rickshaw,overspeeding,0,28.633879224850286,77.25254744230355
ACC-0514,2026-06-29,21:10,21,2026-06,L005,Metro Link Turn,west,junction,critical,fog,daylight,bus,wet_surface,3,28.595101743185253,77.18466270679276
ACC-1345,2026-06-26,08:00,8,2026-06,L006,industrial belt exit,south,arterial,moderate,clear,night_poor_light,bus,overspeeding,1,28.574315484838994,77.23616745119408
ACC-0434,2026-01-16,08:30,8,2026-01,L006,Industrial Belt Exit,south,junction,moderate,wind,daylight,auto_rickshaw,overspeeding,0,28.56932574121646,77.24078855924184
ACC-0947,2026-04-16,08:50,8,2026-04,L009,hospital service road,central,local_road,moderate,clear,night_poor_light,car,pedestrian_conflict,0,28.625612844630545,77.21464317715319
ACC-1907,2026-03-08,08:05,8,2026-03,L011,Depot Crossing,south,local_road,minor,clear,dusk,truck,sudden_lane_change,0,28.56845159094096,77.21865146101231
ACC-1567,2026-01-06,22:00,22,2026-01,L005,Metro Link Turn,west,junction,moderate,cloudy,night_poor_light,car,low_visibility,1,28.59086536110928,77.18789147464771
ACC-1826,2026-05-09,03:55,3,2026-05,L002,Riverside Flyover,east,flyover,critical,clear,,car,signal_violation,3,28.62554755872419,77.23743757156755
ACC-1948,2026-03-31,17:45,17,2026-03,L008,Old Bridge Approach,north,bridge_approach,major,clear,daylight,car,pedestrian_conflict,1,28.6418885096224,77.22632397432754
ACC-1506,2026-05-14,08:35,8,2026-05,L006,Industrial Belt Exit,south,local_road,major,clear,dusk,car,signal_violation,2,28.569098138471713,77.2384432631854
ACC-1679,2026-03-22,13:35,13,2026-03,L004,School Gate Road,north,arterial,minor,clear,night_lit,car,wrong_side_entry,0,28.630315535307755,77.20228534096951