accident_id,accident_date,accident_time,hour_of_day,month,location_id,location_name,zone,road_type,severity,weather_condition,lighting_condition,vehicle_type,reported_cause,casualties,latitude,longitude
ACC-1581,2026-01-12,10:45,10,2026-01,L006,Industrial Belt Exit,south,local_road,minor,clear,daylight,car,tailgating,0,28.563527652932535,77.24733059956907
ACC-1769,2026-01-10,20:50,20,2026-01,L012,Green Park Turn,west,local_road,minor,fog,dusk,car,wrong_side_entry,0,28.581271830978842,77.18678583546989
ACC-1286,2026-05-11,09:25,9,2026-05,L009,Hospital Service Road,central,service_road,minor,fog,dusk,cycle,signal_violation,0,28.62487171959564,77.2029401930091
ACC-1729,2026-06-19,20:05,20,2026-06,L003,Market Ring Road,central,junction,moderate,clear,daylight,car,signal_violation,0,28.602902778068913,77.21820162271642
ACC-0208,2026-05-06,11:40,11,2026-05,L001,Maple Junction,central,junction,major,clear,night_lit,car,overspeeding,1,28.605280635787132,77.20760408541257
ACC-1686,2026-03-21,11:55,11,2026-03,L009,Hospital Service Road,central,service_road,major,clear,dusk,truck,wet_surface,2,28.626781243592703,77.20769052695903
ACC-0871,2026-02-13,09:05,9,2026-02,L011,Depot Crossing,south,junction,minor,clear,daylight,truck,low_visibility,1,28.56823930320491,77.21539122607933
ACC-0867,2026-00-15,16:20,16,2026-03,L007,Lakeview Avenue,west,junction,moderate,,daylight,cycle,tailgating,1,28.59095265116885,77.1805173555975
ACC-1334,2026-02-24,10:20,10,2026-02,L005,Metro Link Turn,west,local_road,moderate,clear,daylight,bus,overspeeding,1,28.595405653627914,77.1910923732506
ACC-1711,2026-01-31,15:15,15,2026-01,L003,Market Ring Road,central,junction,moderate,cloudy,night_lit,cycle,signal_violation,0,28.60336624426595,77.21989228049924
ACC-0984,2026-06-23,09:35,9,2026-06,L010,Airport Link Signal,east,local_road,minor,rain,night_lit,cycle,wet_surface,0,28.62703042736219,77.25941774348968
ACC-0551,2026-06-02,10:35,10,2026-06,L011,Depot Crossing,south,junction,moderate,clear,night_poor_light,car,sudden_lane_change,0,28.557896767907547,77.22319965049155
ACC-0688,2026-05-16,10:25,10,2026-05,L005,Metro Link Turn,west,junction,critical,,dusk,two_wheeler,signal_violation,2,28.60546421925742,77.18900983244785
ACC-1902,2026-02-23,17:40,17,2026-02,L007,Lakeview Avenue,west,collector_road,moderate,clear,night_lit,car,wet_surface,0,28.5849593313031,77.16747441564542
ACC-0571,2026-04-14,23:00,23,2026-04,L009,Hospital Service Road,central,arterial,moderate,clear,daylight,cycle,signal_violation,1,28.62818110547658,77.20197590411865
ACC-1628,2026-03-13,21:15,21,2026-03,L001,Maple Junction,central,arterial,moderate,clear,daylight,bus,overspeeding,0,28.617485403977412,77.20782814455276
ACC-1270,2026-02-10,17:10,17,2026-02,L007,Lakeview Avenue,west,collector_road,moderate,fog,dusk,bus,overspeeding,0,28.589595471390716,77.17578824376619
ACC-1896,2026-03-06,18:10,18,2026-03,L009,Hospital Service Road,central,arterial,major,fog,night_lit,cycle,wet_surface,1,28.613593996591014,77.20095883376966
ACC-0168,2026-05-11,17:10,17,2026-05,L004,School Gate Road,north,arterial,major,clear,night_poor_light,two_wheeler,low_visibility,2,28.643619422211383,77.20052858508272
ACC-1048,2026-01-29,11:10,11,2026-01,L004,School Gate Road,north,local_road,minor,clear,night_lit,truck,sudden_lane_change,1,28.639140053991504,77.2080141192746
ACC-1909,2026-03-16,19:55,19,2026-03,L006,Industrial Belt Exit,south,local_road,minor,rain,night_poor_light,car,low_visibility,1,28.57064182169945,77.24166108836936
ACC-0163,2026-02-27,13:25,13,2026-02,L007,Lakeview Avenue,west,junction,moderate,clear,dusk,truck,pedestrian_conflict,0,28.590390083974757,77.17059615842632
ACC-0267,2026-04-22,03:10,3,2026-04,L010,Airport Link Signal,east,junction,major,rain,daylight,car,signal_violation,2,28.62966405205607,77.26184915466047
ACC-1629,2026-06-20,18:30,18,2026-06,L012,Green Park Turn,west,local_road,minor,clear,night_poor_light,two_wheeler,overspeeding,0,28.573629434929536,77.18503570359192
ACC-1209,2026-05-28,00:20,0,2026-05,L012,Green Park Turn,west,local_road,minor,,night_poor_light,car,tailgating,0,28.58415004243995,77.19478949091193
ACC-1756,2026-05-03,09:40,9,2026-05,L006,Industrial Belt Exit,south,arterial,moderate,clear,daylight,two_wheeler,signal_violation,0,28.57580449113794,77.24276137912443
ACC-1011,2026-04-10,14:15,14,2026-04,L006,Industrial Belt Exit,south,junction,minor,clear,daylight,truck,sudden_lane_change,0,28.57602475881761,77.24106228516796
ACC-0683,2026-02-25,11:40,11,2026-02,L004,School Gate Road,north,local_road,major,clear,night_lit,car,tailgating,2,28.630442643784598,77.2037464956911
ACC-1031,2026-02-12,09:00,9,2026-02,L011,Depot Crossing,south,arterial,minor,fog,daylight,car,overspeeding,0,28.56247036524083,77.22877573881112
ACC-0045,2026-02-01,02:50,2,2026-02,L001,Maple Junction,central,signalized_crossing,minor,clear,dusk,truck,sudden_lane_change,0,28.606801109681005,77.21675186859022
ACC-1089,2026-02-24,16:05,16,2026-02,L005,Metro Link Turn,west,arterial,minor,clear,dusk,truck,tailgating,0,28.594090560949113,77.17720085301508
ACC-0631,2026-06-21,18:15,18,2026-06,L005,Metro Link Turn,west,arterial,moderate,clear,daylight,cycle,sudden_lane_change,0,28.594054807734505,77.17616687531788
ACC-1862,2026-06-25,05:00,5,2026-06,L008,Old Bridge Approach,north,bridge_approach,moderate,clear,night_lit,auto_rickshaw,sudden_lane_change,0,28.656156596866374,77.21764318177094
ACC-1166,2026-01-03,17:40,17,2026-01,L006,Industrial Belt Exit,south,junction,minor,clear,dusk,cycle,low_visibility,0,28.57377901732867,77.23963751190479
ACC-0736,2026-04-05,08:55,8,2026-04,L001,Maple Junction,central,arterial,moderate,wind,daylight,bus,,0,28.6154948954744,77.21053171452738
ACC-1730,2026-01-23,23:10,23,2026-01,L003,Market Ring Road,central,local_road,major,clear,night_lit,two_wheeler,overspeeding,1,28.598949099256668,77.23167849819103
ACC-1222,2026-02-06,21:45,21,2026-02,L006,Industrial Belt Exit,south,junction,moderate,rain,dusk,cycle,wet_surface,0,28.576512581464304,77.24544464782652
ACC-0475,2026-04-21,23:55,23,2026-04,L001,Maple Junction,central,arterial,major,clear,daylight,two_wheeler,overspeeding,1,28.61190792081888,77.21278235708627
ACC-1876,2026-06-15,06:05,6,2026-06,L010,Airport Link Signal,east,junction,moderate,wind,daylight,auto_rickshaw,low_visibility,0,28.626032322039464,77.25896225121537
ACC-0622,2026-03-06,18:15,18,2026-03,L012,Green Park Turn,west,local_road,major,clear,night_poor_light,bus,tailgating,1,28.58413835423035,77.1931840462328
ACC-1677,2026-01-29,08:15,8,2026-01,L012,Green Park Turn,west,junction,moderate,clear,daylight,car,low_visibility,0,28.57522365228469,77.18509235510847
ACC-0183,2026-05-06,18:05,18,2026-05,L001,Maple Junction,central,signalized_crossing,moderate,clear,night_poor_light,cycle,wrong_side_entry,0,28.610365919943284,77.21248574089653
ACC-0625,2026-04-27,19:00,19,2026-04,L007,Lakeview Avenue,west,junction,major,clear,daylight,two_wheeler,overspeeding,2,28.58367816494706,77.16659554511281
ACC-0179,2026-01-16,09:20,9,2026-01,L012,Green Park Turn,west,local_road,moderate,rain,dusk,auto_rickshaw,signal_violation,0,28.58182018060363,77.19116957737064
ACC-1951,2026-04-15,10:20,10,2026-04,L004,School Gate Road,north,junction,critical,rain,night_lit,auto_rickshaw,tailgating,2,28.63506009357494,77.19975282920127
ACC-0412,2026-06-30,13:40,13,2026-06,L011,Depot  Crossing,south,local_road,moderate,clear,daylight,car,wet_surface,1,28.569557791096784,77.22446665006932
ACC-0433,2026-02-24,16:25,16,2026-02,L003,market ring road,central,junction,major,wind,dusk,cycle,,2,28.611573628483807,77.21791994766662
ACC-0808,2026-06-07,19:15,19,2026-06,L012,Green Park Turn,west,arterial,major,clear,night_poor_light,cycle,wet_surface,1,28.578828018446202,77.19166896798977
ACC-1168,2026-04-14,15:00,15,2026-04,L008,Old Bridge Approach,north,bridge_approach,major,rain,night_poor_light,truck,tailgating,2,28.641775535033766,77.21630495136027
ACC-1967,2026-01-01,05:20,5,2026-01,L008,Old Bridge Approach,north,bridge_approach,major,rain,daylight,bus,low_visibility,1,28.647728479373587,77.21520547879211
ACC-0270,2026-03-05,04:40,4,2026-03,L010,Airport Link Signal,east,local_road,major,rain,night_poor_light,bus,wet_surface,2,28.633832800486097,77.25920073227701
ACC-1065,2026-06-05,18:15,18,2026-06,L003,Market Ring Road,central,local_road,minor,clear,dusk,bus,signal_violation,0,28.60437048221501,77.23246397417232
ACC-0308,2026-06-06,05:05,5,2026-06,L006,Industrial Belt Exit,south,junction,major,rain,night_lit,cycle,sudden_lane_change,2,28.57181780525473,77.24810090789826
ACC-0875,2026-05-03,10:55,10,2026-05,L006,Industrial Belt Exit,south,local_road,moderate,wind,night_lit,bus,low_visibility,0,28.564702656122783,77.23779303306378
ACC-0680,2026-03-09,12:40,12,2026-03,L005,Metro Link Turn,west,arterial,minor,cloudy,night_lit,truck,wet_surface,0,28.604505859843236,77.19000852765292
ACC-1561,2026-02-07,23:55,23,2026-02,L010,Airport Link Signal,east,local_road,minor,clear,night_poor_light,truck,low_visibility,0,28.63629303216296,77.2595689348612
ACC-1954,2026-06-04,11:15,11,2026-06,L012,Green Park Turn,west,junction,minor,clear,dusk,cycle,wet_surface,0,28.57302072354355,77.18893297291802
ACC-1634,2026-06-27,08:00,8,2026-06,L009,Hospital Service Road,central,local_road,minor,clear,dusk,bus,tailgating,0,28.6134145550247,77.2065715362427
ACC-1250,2026-05-12,14:20,14,2026-05,L006,Industrial Belt Exit,south,arterial,moderate,wind,night_poor_light,two_wheeler,low_visibility,1,28.571770539374175,77.24929384054228
ACC-1072,2026-01-06,09:00,9,2026-01,L008,Old Bridge Approach,north,bridge_approach,moderate,clear,dusk,car,wet_surface,0,28.64414318867235,77.21371293223777
ACC-0438,2026-02-05,11:15,11,2026-02,L012,Green Park Turn,west,local_road,moderate,rain,daylight,car,tailgating,0,28.580202541784445,77.19968198945897
ACC-1005,2026-06-25,23:20,23,2026-06,L008,Old Bridge Approach,north,bridge_approach,moderate,,night_lit,two_wheeler,pedestrian_conflict,0,28.654143609705436,77.21625850807038
ACC-1672,2026-03-06,22:45,22,2026-03,L003,Market Ring Road,central,arterial,critical,clear,dusk,truck,wet_surface,3,28.606250789487444,77.22950192087704
ACC-1257,2026-06-14,23:00,23,2026-06,L007,Lakeview Avenue,west,collector_road,minor,clear,daylight,truck,wrong_side_entry,0,28.58847932959067,77.17011870387924
ACC-0524,2026-03-24,22:40,22,2026-03,L003,Market Ring Road,central,local_road,critical,clear,daylight,truck,signal_violation,3,28.6084532788377,77.22668349733713
ACC-0498,2026-03-14,13:25,13,2026-03,L005,Metro Link Turn,west,local_road,minor,fog,daylight,car,pedestrian_conflict,0,28.599285158695245,77.18196977843371
ACC-0715,2026-06-24,07:00,7,2026-06,L009,Hospital Service Road,central,arterial,moderate,fog,dusk,car,wet_surface,1,28.62850838536037,77.20322741165293
ACC-1318,2026-06-11,07:40,7,2026-06,L005,Metro Link Turn,west,local_road,moderate,rain,daylight,auto_rickshaw,signal_violation,1,28.603823733540008,77.18436943941
ACC-1861,2026-03-22,19:50,19,2026-03,L012,Green Park Turn,west,local_road,minor,clear,daylight,cycle,sudden_lane_change,1,28.574947438563722,77.18631052743
ACC-1813,2026-06-26,13:05,13,2026-06,L002,Riverside Flyover,east,flyover,moderate,clear,dusk,car,,0,28.625443103773307,77.23212413988
ACC-1733,2026-01-08,10:55,10,2026-01,L003,Market Ring Road,central,arterial,major,cloudy,night_poor_light,bus,signal_violation,1,28.604576182535187,77.22011090686867
ACC-0396,2026-01-01,23:20,23,2026-01,L010,Airport Link Signal,east,junction,moderate,clear,night_poor_light,auto_rickshaw,sudden_lane_change,0,28.636584183951264,77.25270420019814
ACC-1218,2026-03-29,18:05,18,2026-03,L010,Airport Link Signal,east,local_road,minor,wind,night_poor_light,two_wheeler,tailgating,0,28.62909139466878,77.26352577762371
ACC-1116,2026-06-23,14:40,14,2026-06,L005,Metro Link Turn,west,local_road,major,clear,dusk,truck,tailgating,1,28.591129621103658,77.18865698688569
ACC-0460,2026-04-24,16:30,16,2026-04,L012,Green Park Turn,west,junction,moderate,clear,daylight,bus,pedestrian_conflict,0,28.583250878895853,77.19638680001293
ACC-0453,2026-01-28,00:35,0,2026-01,L005,Metro Link Turn,west,arterial,major,clear,dusk,auto_rickshaw,sudden_lane_change,1,28.594715156610057,77.17830624387685
ACC-0341,2026-03-12,16:25,16,2026-03,L007,Lakeview Avenue,west,junction,minor,clear,dusk,two_wheeler,low_visibility,0,28.59589068180267,77.17343645937795
ACC-1894,2026-02-10,00:35,0,2026-02,L004,School Gate Road,north,arterial,moderate,rain,dusk,truck,signal_violation,1,28.630222586030058,77.2024397788645
ACC-1623,2026-02-25,04:50,4,2026-02,L006,industrial belt exit,south,arterial,moderate,clear,night_lit,car,signal_violation,1,28.56569453506615,77.241143158931
ACC-1872,2026-04-09,08:25,8,2026-04,L001,Maple Junction,central,local_road,moderate,fog,night_lit,cycle,tailgating,1,28.610145554755423,77.21714399818131
ACC-1352,2026-05-23,19:05,19,2026-05,L004,School Gate Road,north,arterial,minor,clear,dusk,truck,signal_violation,0,28.64148531865567,77.19729488121544
ACC-0411,2026-05-08,10:35,10,2026-05,L008,Old Bridge  Approach,north,bridge_approach,moderate,rain,daylight,bus,pedestrian_conflict,0,28.641266084865784,77.21676328979413
ACC-1478,2026-01-23,08:15,8,2026-01,L005,Metro Link Turn,west,local_road,minor,clear,night_lit,truck,wrong_side_entry,0,28.591572238730535,77.17969421249522
ACC-1666,2026-06-14,13:50,13,2026-06,L003,Market Ring Road,central,arterial,moderate,clear,daylight,cycle,overspeeding,1,28.61391647313598,77.22430890550535
ACC-1669,2026-01-05,16:10,16,2026-01,L011,Depot Crossing,south,signalized_crossing,critical,fog,dusk,car,pedestrian_conflict,2,28.567949821673672,77.22026189621327
ACC-1966,2026-02-16,17:00,17,2026-02,L006,Industrial Belt Exit,south,junction,minor,cloudy,dusk,bus,signal_violation,0,28.57815106949458,77.2436852026343
ACC-0015,2026-13-01,20:45,20,2026-01,L006,Industrial Belt Exit,south,arterial,minor,clear,dusk,bus,sudden_lane_change,0,28.57081650963439,77.25048538385727
ACC-0845,2026-05-20,14:20,14,2026-05,L008,Old Bridge Approach,north,bridge_approach,minor,wind,night_poor_light,bus,low_visibility,0,28.649343415288385,77.21481227464294
ACC-0317,2026-01-06,15:55,15,2026-01,L009,Hospital Service Road,central,junction,moderate,clear,night_lit,truck,signal_violation,1,28.620848859388836,77.20886054237907
ACC-0983,2026-06-24,15:40,15,2026-06,L002,Riverside Flyover,east,flyover,major,clear,dusk,car,signal_violation,1,28.61370081014335,77.24067863739853
ACC-0033,2026-02-07,18:15,18,2026-02,L009,Hospital Service Road,central,arterial,critical,cloudy,daylight,two_wheeler,tailgating,3,28.615025327357568,77.20072825121574
ACC-1258,2026-06-13,20:40,20,2026-06,L011,Depot Crossing,south,local_road,minor,clear,dusk,bus,overspeeding,1,28.56649811696888,77.21580685425225
ACC-0446,2026-05-12,07:30,7,2026-05,L001,Maple Junction,central,local_road,moderate,fog,daylight,truck,pedestrian_conflict,0,28.614361028347258,77.20733675686242
ACC-1412,2026-05-15,11:05,11,2026-05,L005,Metro Link Turn,west,junction,minor,cloudy,daylight,cycle,signal_violation,1,28.605662495838665,77.18958189181764
ACC-1699,2026-03-22,08:10,8,2026-03,L010,Airport Link Signal,east,junction,moderate,clear,daylight,truck,signal_violation,0,28.640387512811298,77.25753193212257
ACC-0632,2026-01-26,13:10,13,2026-01,L006,Industrial Belt Exit,south,junction,critical,clear,night_lit,cycle,tailgating,3,28.567583023343648,77.24968812949301
ACC-0885,2026-06-20,05:35,5,2026-06,L012,Green Park Turn,west,local_road,moderate,fog,night_poor_light,bus,low_visibility,1,28.57992317251924,77.18821871545559
ACC-1156,2026-05-10,05:05,5,2026-05,L010,Airport Link Signal,east,local_road,major,clear,daylight,truck,wrong_side_entry,2,28.628410028215615,77.25897823697048
ACC-0361,2026-05-22,12:55,12,2026-05,L009,Hospital Service Road,central,local_road,major,rain,dusk,two_wheeler,tailgating,2,28.61373311542965,77.21072710143208
ACC-0040,2026-02-23,13:00,13,2026-02,L012,Green Park Turn,west,arterial,major,rain,dusk,car,tailgating,1,28.584876114230326,77.19860687805574
ACC-1378,2026-02-09,05:45,5,2026-02,L001,Maple Junction,central,junction,minor,cloudy,night_poor_light,bus,tailgating,0,28.61874607719015,77.2181585212593
ACC-0948,2026-05-12,17:00,17,2026-05,L012,Green Park Turn,west,junction,minor,clear,daylight,truck,sudden_lane_change,0,28.579639463167748,77.19835524248963
ACC-0232,2026-04-29,19:25,19,2026-04,L010,airport link signal,east,arterial,minor,fog,night_poor_light,auto_rickshaw,sudden_lane_change,0,28.638178287460438,77.25625305015195
ACC-0461,2026-06-05,18:15,18,2026-06,L006,Industrial Belt Exit,south,local_road,moderate,clear,daylight,two_wheeler,signal_violation,1,28.568813252252742,77.2374276678647
ACC-1912,2026-02-08,14:55,14,2026-02,L004,School-Gate Road,north,local_road,minor,fog,daylight,car,wet_surface,0,28.64542513475071,77.19824758043956
ACC-0558,2026-05-20,10:40,10,2026-05,L004,School Gate Road,north,local_road,critical,cloudy,night_lit,cycle,wet_surface,3,28.636814307662736,77.19730977570461
ACC-0982,2026-05-30,17:00,17,2026-05,L006,Industrial Belt Exit,south,arterial,moderate,clear,night_poor_light,cycle,tailgating,0,28.566331906041434,77.23892210488566
ACC-1773,2026-05-24,10:50,10,2026-05,L008,Old Bridge Approach,north,bridge_approach,moderate,cloudy,night_lit,two_wheeler,sudden_lane_change,1,28.653538764921617,77.21499239743405
ACC-0856,2026-03-30,17:20,17,2026-03,L005,Metro Link Turn,west,arterial,moderate,clear,daylight,auto_rickshaw,wet_surface,0,28.59804957892453,77.1907126781416
ACC-0202,2026-03-16,13:35,13,2026-03,L002,Riverside Flyover,east,flyover,minor,clear,night_lit,car,low_visibility,0,28.626252762743505,77.23234984160136
ACC-1142,2026-04-14,19:10,19,2026-04,L003,Market Ring Road,central,local_road,moderate,clear,daylight,car,sudden_lane_change,0,28.601960275463732,77.2290056671445
ACC-0259,2026-04-13,08:05,8,2026-04,L011,Depot Crossing,south,signalized_crossing,moderate,clear,daylight,two_wheeler,wet_surface,0,28.562945337230197,77.22627131950269
ACC-0740,2026-01-12,01:10,1,2026-01,L008,Old Bridge Approach,north,bridge_approach,minor,fog,daylight,car,signal_violation,0,28.65219500062616,77.21365902689291
ACC-0283,2026-04-10,13:50,13,2026-04,L010,Airport Link Signal,east,arterial,minor,clear,night_lit,car,signal_violation,0,28.632333925836097,77.26284924517515
ACC-0617,2026-01-18,07:15,7,2026-01,L001,Maple Junction,central,local_road,major,wind,daylight,two_wheeler,low_visibility,1,28.606326027156403,77.21174869015738
ACC-1507,2026-03-20,16:35,16,2026-03,L004,School Gate Road,north,arterial,minor,clear,night_lit,two_wheeler,wrong_side_entry,0,28.635796701721606,77.20545912357122
ACC-1165,2026-01-10,05:15,5,2026-01,L012,Green Park Turn,west,arterial,critical,clear,daylight,two_wheeler,wrong_side_entry,3,28.581175207246112,77.18552971088049
ACC-0277,2026-02-11,17:10,17,2026-02,L003,Market Ring Road,central,arterial,moderate,cloudy,daylight,car,signal_violation,0,28.603624262716703,77.22860401049653
ACC-0141,2026-06-25,19:05,19,2026-06,L001,Maple Junction,central,arterial,minor,rain,night_lit,bus,signal_violation,0,28.604023392648568,77.21751686160282
ACC-0398,2026-06-19,07:05,7,2026-06,L006,Industrial Belt Exit,south,highway_ramp,moderate,wind,night_lit,two_wheeler,low_visibility,1,28.56808747160173,77.2496248673995
ACC-1867,2026-02-23,19:10,19,2026-02,L012,Green Park Turn,west,junction,moderate,clear,night_poor_light,truck,overspeeding,0,28.575952941388827,77.19272036574414
ACC-0685,2026-06-10,19:35,19,2026-06,L004,School Gate Road,north,junction,major,clear,dusk,auto_rickshaw,sudden_lane_change,2,28.641123992986703,77.20777526398685
ACC-0490,2026-04-24,00:10,0,2026-04,L006,Industrial Belt Exit,south,highway_ramp,moderate,,night_lit,car,low_visibility,0,28.565997510592005,77.25039790754977
ACC-0861,2026-04-08,17:00,17,2026-04,L005,Metro Link Turn,west,junction,minor,cloudy,night_lit,two_wheeler,overspeeding,0,28.595398321732443,77.19069433988945
ACC-1034,2026-03-30,16:40,16,2026-03,L002,Riverside Flyover,east,flyover,moderate,clear,night_lit,two_wheeler,signal_violation,0,28.620027494018707,77.23378027197221
ACC-1945,2026-01-04,19:35,19,2026-01,L002,Riverside Flyover,east,flyover,major,clear,night_poor_light,truck,signal_violation,1,28.6249032150622,77.23625846030504
ACC-0839,2026-02-02,17:25,17,2026-02,L003,Market Ring Road,central,local_road,minor,rain,dusk,car,overspeeding,0,28.599782458560462,77.23211142935675
ACC-0291,2026-06-29,07:35,7,2026-06,L011,Depot Crossing,south,local_road,moderate,rain,night_poor_light,car,wet_surface,0,28.561466734053436,77.22468028407432
ACC-0080,2026-05-23,03:30,3,2026-05,L003,Market Ring Road,central,junction,major,rain,night_poor_light,bus,sudden_lane_change,2,28.601587865843936,77.23276212074768
ACC-0732,2026-03-10,08:05,8,2026-03,L011,Depot Crossing,south,junction,minor,clear,night_lit,truck,wrong_side_entry,0,28.566383751208118,77.21856548765936
ACC-1970,2026-01-26,04:25,4,2026-01,L006,Industrial Belt Exit,south,local_road,moderate,clear,night_poor_light,two_wheeler,overspeeding,0,28.57009622855394,77.2457011903698
ACC-1851,2026-04-19,19:45,19,2026-04,L009,Hospital Service Road,central,service_road,moderate,rain,daylight,auto_rickshaw,signal_violation,1,28.62573314519729,77.20456579213882
ACC-1228,2026-01-19,08:35,8,2026-01,L010,Airport Link Signal,east,arterial,minor,cloudy,night_poor_light,truck,pedestrian_conflict,0,28.636915706097373,77.26705639863722
ACC-1079,2026-02-28,00:55,0,2026-02,L006,Industrial Belt Exit,south,local_road,major,cloudy,dusk,truck,pedestrian_conflict,2,28.570727486847925,77.2515011398843
ACC-1416,2026-05-29,15:40,15,2026-05,L001,Maple Junction,central,local_road,moderate,clear,night_lit,bus,wrong_side_entry,1,28.614455572464927,77.21175502249979
ACC-0101,2026-06-04,07:30,7,2026-06,L004,School Gate Road,north,local_road,moderate,clear,daylight,car,tailgating,1,28.641505503600175,77.19978604847573
ACC-1523,2026-04-24,13:30,13,2026-04,L006,Industrial Belt Exit,south,junction,minor,fog,daylight,auto_rickshaw,sudden_lane_change,0,28.572600526384175,77.24487954409815
ACC-0554,2026-05-15,04:45,4,2026-05,L012,Green Park Turn,west,junction,major,rain,night_poor_light,car,wrong_side_entry,1,28.573967792994182,77.19006896730731
ACC-1436,2026-03-23,07:55,7,2026-03,L003,Market Ring Road,central,arterial,moderate,clear,daylight,car,sudden_lane_change,0,28.59881986638025,77.22450370932232
ACC-1705,2026-06-21,08:10,8,2026-06,L008,Old Bridge Approach,north,bridge_approach,minor,fog,night_lit,two_wheeler,sudden_lane_change,0,28.65601239130763,77.22333959389508
ACC-0806,2026-05-22,11:30,11,2026-05,L002,Riverside Flyover,east,flyover,major,rain,dusk,car,low_visibility,2,28.614060918571607,77.243439862111
ACC-0342,2026-05-10,19:30,19,2026-05,L005,Metro Link Turn,west,local_road,minor,clear,daylight,car,wet_surface,0,28.597434503872496,77.1875249599896
ACC-1139,2026-06-05,07:45,7,2026-06,L001,Maple Junction,central,signalized_crossing,major,clear,dusk,car,tailgating,1,28.609116136042896,77.21642117459373
ACC-1178,2026-03-02,11:00,11,2026-03,L010,Airport Link Signal,east,junction,minor,clear,daylight,car,wet_surface,0,28.635876042595786,77.2590687845974
ACC-0295,2026-05-23,03:45,3,2026-05,L009,Hospital Service Road,central,junction,critical,clear,daylight,truck,pedestrian_conflict,3,28.626938102121244,77.21124549784777
ACC-1349,2026-04-17,21:15,21,2026-04,L008,Old Bridge Approach,north,bridge_approach,minor,rain,night_poor_light,auto_rickshaw,wet_surface,0,28.644770150990453,77.2257840683038
ACC-1939,2026-02-27,19:15,19,2026-06,L005,Metro Link Turn,west,local_road,critical,rain,dusk,truck,wet_surface,2,28.591982300785205,77.191197790502
ACC-1957,2026-03-21,17:30,17,2026-03,L005,Metro Link Turn,west,junction,major,clear,daylight,truck,tailgating,1,28.603703506010532,77.18160977603334
ACC-1343,2026-04-10,10:05,10,2026-04,L002,Riverside Flyover,east,flyover,minor,clear,night_lit,auto_rickshaw,signal_violation,0,28.617773636972615,77.23586518442
ACC-1398,2026-01-30,10:05,10,2026-01,L008,Old Bridge Approach,north,bridge_approach,moderate,clear,dusk,two_wheeler,overspeeding,0,28.64385724090175,77.22259165012439
ACC-1453,2026-02-22,07:35,7,2026-02,L006,Industrial Belt Exit,south,highway_ramp,minor,fog,night_poor_light,car,overspeeding,0,28.56632776258796,77.24292145239647
ACC-0753,2026-03-10,17:00,17,2026-03,L012,Green Park Turn,west,junction,minor,wind,daylight,auto_rickshaw,tailgating,0,28.57312347347583,77.18904118095439
ACC-1916,2026-02-06,00:55,0,2026-02,L005,Metro Link Turn,west,arterial,major,clear,night_lit,car,pedestrian_conflict,2,28.59442124094134,77.18816852669552
ACC-1079,2026-02-28,00:55,0,2026-02,L006,Industrial Belt Exit,south,local_road,major,cloudy,dusk,truck,pedestrian_conflict,2,28.570727486847925,77.2515011398843
ACC-0110,2026-04-27,10:50,10,2026-04,L004,School Gate Road,north,junction,critical,clear,daylight,bus,tailgating,2,28.640459771512948,77.20673150654433
ACC-0450,2026-01-02,16:10,16,2026-01,L005,Metro Link Turn,west,junction,moderate,rain,daylight,bus,tailgating,1,28.59459208886008,77.19000643469141
ACC-1458,2026-05-14,17:55,17,2026-05,L003,Market Ring Road,central,local_road,moderate,rain,night_poor_light,cycle,tailgating,1,28.59816254726613,77.23242255377356
ACC-1191,2026-06-24,14:40,14,2026-06,L009,Hospital Service Road,central,local_road,minor,rain,daylight,car,overspeeding,0,28.619490670130844,77.21429799705851
ACC-0999,2026-06-26,16:30,16,2026-06,L005,Metro Link Turn,west,arterial,moderate,rain,night_lit,two_wheeler,signal_violation,0,28.60290042215708,77.18085292905576
ACC-0723,2026-06-02,12:00,12,2026-06,L006,Industrial Belt Exit,south,local_road,critical,wind,night_lit,two_wheeler,sudden_lane_change,3,28.576792109544694,77.23736360420395
ACC-0343,2026-05-27,11:05,11,2026-05,L005,Metro Link Turn,west,local_road,minor,rain,dusk,bus,low_visibility,0,28.595461350079383,77.19068979082958
ACC-0795,2026-05-29,10:25,10,2026-05,L004,School Gate Road,north,arterial,critical,rain,daylight,car,overspeeding,3,28.645074203614318,77.19820694782047
ACC-0658,2026-06-16,23:35,23,2026-06,L011,Depot Crossing,south,junction,major,rain,night_poor_light,truck,signal_violation,2,28.557969007222116,77.2271563470596
ACC-1712,2026-02-25,06:25,6,2026-02,L009,Hospital Service Road,central,junction,moderate,rain,dusk,auto_rickshaw,tailgating,1,28.626120602335643,77.20969181581874
ACC-1214,2026-01-15,05:45,5,2026-01,L004,School Gate Road,north,junction,moderate,clear,daylight,auto_rickshaw,low_visibility,1,28.635639673694065,77.19934370724569
ACC-0537,2026-06-25,18:00,18,2026-06,L008,Old Bridge Approach,north,bridge_approach,minor,clear,daylight,truck,sudden_lane_change,0,28.64564299974457,77.21358246683009
ACC-0456,2026-06-17,09:10,9,2026-06,L005,Metro Link Turn,west,arterial,minor,clear,dusk,cycle,wrong_side_entry,0,28.5999047001667,77.17950250260738