accident_id,accident_date,accident_time,hour_of_day,month,location_id,location_name,zone,road_type,severity,weather_condition,lighting_condition,vehicle_type,reported_cause,casualties,latitude,longitude
ACC-1795,2026-01-17,18:20,18,2026-01,L009,Hospital Service Road,central,service_road,moderate,,night_lit,truck,wrong_side_entry,0,28.628242793785603,77.21596250870414
ACC-0720,2026-06-28,06:55,6,2026-06,L001,Maple Junction,central,local_road,minor,fog,night_lit,two_wheeler,overspeeding,0,28.609400477423836,77.21500740918708
ACC-0863,2026-05-13,10:35,10,2026-05,L004,School Gate Road,north,local_road,minor,clear,daylight,car,sudden_lane_change,1,28.630544228856667,77.20799067739645
ACC-1050,2026-01-13,13:50,13,2026-01,L011,Depot Crossing,south,local_road,moderate,clear,night_lit,truck,sudden_lane_change,0,28.571579592892487,77.22327796927466
ACC-0570,2026-04-06,17:15,17,2026-04,L004,School Gate Road,north,arterial,major,wind,night_lit,truck,tailgating,1,28.64196817433654,77.20147346799006
ACC-1531,2026-02-13,20:25,20,2026-02,L002,Riverside Flyover,east,flyover,critical,clear,night_lit,car,tailgating,2,28.61728732719412,77.24228067291828
ACC-1942,2026-01-04,18:00,18,2026-01,L008,Old Bridge Approach,north,bridge_approach,moderate,fog,dusk,two_wheeler,sudden_lane_change,0,28.652666559923972,77.21955907693867
ACC-1243,2026-04-19,14:30,14,2026-04,L012,Green Park Turn,west,local_road,minor,rain,night_poor_light,car,tailgating,0,28.57678274162804,77.19365362226016
ACC-0025,2026-01-14,10:25,10,2026-01,L005,Metro Link Turn,west,arterial,major,clear,night_lit,cycle,signal_violation,2,28.59608609646284,77.17609433733735
ACC-1021,2026-03-29,13:35,13,2026-03,L002,Riverside Flyover,east,flyover,minor,clear,night_lit,car,sudden_lane_change,0,28.61382432070839,77.23429127786602
ACC-1577,2026-05-01,10:05,10,2026-05,L009,Hospital Service Road,central,junction,moderate,rain,dusk,car,signal_violation,0,28.62607257358644,77.21517496980586
ACC-1447,2026-06-14,23:55,23,2026-06,L001,Maple Junction,central,signalized_crossing,critical,clear,night_lit,two_wheeler,pedestrian_conflict,3,28.60734071770324,77.21303003035734
ACC-1491,2026-01-19,12:50,12,2026-01,L003,Market Ring Road,central,local_road,major,cloudy,dusk,cycle,sudden_lane_change,2,28.606258884658487,77.22574592147564
ACC-1922,2026-03-27,20:15,20,2026-03,L001,Maple Junction,central,junction,moderate,clear,,cycle,tailgating,0,28.612683978361115,77.21460937556509
ACC-0488,2026-06-03,10:10,10,2026-06,L002,Riverside Flyover,east,flyover,moderate,clear,daylight,car,low_visibility,1,28.626848319342447,77.23310290602375
ACC-0592,2026-06-28,19:50,19,2026-06,L006,Industrial Belt Exit,south,arterial,moderate,rain,night_lit,truck,pedestrian_conflict,1,28.56479735881469,77.23853158268912
ACC-0906,2026-02-21,17:55,17,2026-02,L012,Green Park Turn,west,arterial,minor,clear,daylight,auto_rickshaw,tailgating,0,28.569494035357692,77.19219990702534
ACC-1688,2026-04-23,02:55,2,2026-04,L006,Industrial Belt Exit,south,highway_ramp,major,clear,dusk,auto_rickshaw,tailgating,1,28.56907845673566,77.24366324319121
ACC-0656,2026-03-09,15:35,15,2026-03,L010,Airport Link Signal,east,junction,minor,clear,dusk,bus,pedestrian_conflict,0,28.636329678129293,77.26175019386257
ACC-1885,2026-03-14,12:00,12,2026-03,L009,Hospital Service Road,central,local_road,minor,rain,night_lit,auto_rickshaw,sudden_lane_change,0,28.620736082180148,77.21510944181927
ACC-1315,2026-05-30,15:25,15,2026-05,L004,school gate road,north,local_road,minor,clear,dusk,cycle,tailgating,0,28.641251695457363,77.20250954167932
ACC-1295,2026-02-19,18:05,18,2026-02,L003,Market Ring Road,central,local_road,moderate,wind,daylight,truck,low_visibility,1,28.603734512672748,77.21848761188474
ACC-1540,2026-01-02,18:50,18,2026-01,L007,Lakeview Avenue,west,junction,minor,rain,dusk,bus,low_visibility,0,28.594019567078536,77.17647105853717
ACC-1485,2026-06-20,22:15,22,2026-06,L003,Market Ring Road,central,local_road,minor,rain,daylight,auto_rickshaw,pedestrian_conflict,0,28.611481111013333,77.22817062055697
ACC-1520,2026-01-19,08:50,8,2026-01,L002,Riverside Flyover,east,flyover,minor,clear,night_poor_light,car,sudden_lane_change,0,28.612661577184884,77.23083459400459
ACC-1066,2026-06-20,17:05,17,2026-06,L006,Industrial Belt Exit,south,junction,minor,fog,night_lit,auto_rickshaw,,0,28.570423860992207,77.24392691546093
ACC-1325,2026-05-09,19:35,19,2026-05,L001,Maple Junction,central,arterial,moderate,clear,daylight,auto_rickshaw,pedestrian_conflict,1,28.619381249379654,77.21421005710157
ACC-1908,2026-06-18,17:05,17,2026-06,L002,Riverside Flyover,east,flyover,minor,fog,night_poor_light,car,pedestrian_conflict,0,28.627386667804863,77.23158879040989
ACC-0444,2026-01-08,23:10,23,2026-01,L006,Industrial Belt Exit,south,local_road,moderate,rain,night_poor_light,two_wheeler,pedestrian_conflict,1,28.567224610891593,77.2381377856026
ACC-1929,2026-02-10,13:50,13,2026-02,L006,Industrial Belt Exit,south,junction,minor,clear,night_poor_light,auto_rickshaw,sudden_lane_change,0,28.566977750233654,77.24814490325487
ACC-1472,2026-02-12,12:30,12,2026-02,L001,Maple Junction,central,arterial,major,clear,night_poor_light,truck,tailgating,2,28.606455937547455,77.21831977973696
ACC-0123,2026-02-28,13:40,13,2026-02,L003,Market Ring Road,central,junction,moderate,rain,dusk,auto_rickshaw,low_visibility,1,28.608777421797036,77.22980981413095
ACC-1820,2026-04-23,12:55,12,2026-04,L012,Green Park Turn,west,local_road,minor,fog,night_lit,truck,signal_violation,0,28.582456264349247,77.19338954470635
ACC-0278,2026-04-04,17:05,17,2026-04,L001,Maple Junction,central,local_road,minor,fog,night_lit,auto_rickshaw,overspeeding,0,28.615130458138495,77.21105337182219
ACC-1465,2026-03-13,18:55,18,2026-03,L003,Market Ring Road,central,arterial,minor,fog,dusk,two_wheeler,signal_violation,0,28.608931231958657,77.22087155820992
ACC-1070,2026-03-20,21:05,21,2026-03,L007,Lakeview Avenue,west,collector_road,moderate,rain,daylight,cycle,pedestrian_conflict,1,28.59342860681357,77.17973947178993
ACC-1456,2026-01-11,08:30,8,2026-01,L004,School Gate Road,north,arterial,moderate,clear,daylight,truck,wrong_side_entry,1,28.643198626771756,77.19572344440826
ACC-0853,2026-06-25,22:55,22,2026-06,L006,Industrial Belt Exit,south,junction,critical,fog,dusk,truck,pedestrian_conflict,2,28.570369130311807,77.24331069043765
ACC-0523,2026-06-08,15:35,15,2026-06,L007,Lakeview Avenue,west,collector_road,moderate,clear,night_poor_light,auto_rickshaw,low_visibility,1,28.589391169133226,77.17205627862417
ACC-1441,2026-06-26,10:25,10,2026-06,L002,Riverside Flyover,east,flyover,moderate,clear,daylight,car,low_visibility,1,28.618987675095692,77.23292251756888
ACC-0506,2026-01-25,10:40,10,2026-01,L010,Airport Link Signal,east,arterial,minor,rain,dusk,cycle,low_visibility,0,28.628131487161216,77.2598576483056
ACC-0557,2026-01-12,20:00,20,2026-01,L002,Riverside Flyover,east,flyover,minor,rain,daylight,cycle,tailgating,0,28.62074844970538,77.24203272283336
ACC-0092,2026-04-18,11:25,11,2026-04,L010,Airport Link Signal,east,arterial,minor,clear,night_lit,two_wheeler,wet_surface,0,28.636957415995486,77.25542378892924
ACC-0934,2026-03-05,08:40,8,2026-03,L002,Riverside Flyover,east,flyover,moderate,clear,daylight,car,overspeeding,0,28.62304283214378,77.23072755411677
ACC-0528,2026-05-13,09:10,9,2026-05,L006,Industrial Belt Exit,south,arterial,critical,clear,daylight,two_wheeler,low_visibility,3,28.57227725130418,77.2495050468359
ACC-1246,2026-04-02,09:55,9,2026-04,L011,Depot Crossing,south,local_road,moderate,clear,dusk,two_wheeler,tailgating,0,28.562695138396833,77.2248043098563
ACC-0709,2026-01-03,04:45,4,2026-01,L001,Maple Junction,central,arterial,moderate,clear,night_poor_light,auto_rickshaw,low_visibility,0,28.60403339618101,77.20984116912278
ACC-1649,2026-01-14,08:15,8,2026-01,L002,Riverside Flyover,east,flyover,minor,clear,night_poor_light,cycle,signal_violation,0,28.62100721532686,77.23663084929824
ACC-0542,2026-05-20,11:00,11,2026-05,L003,Market Ring Road,central,arterial,major,fog,dusk,two_wheeler,low_visibility,1,28.60538195248948,77.22472794133596
ACC-0435,2026-03-14,00:55,0,2026-03,L011,Depot Crossing,south,junction,minor,clear,daylight,truck,tailgating,0,28.55956500001743,77.21618387078624
ACC-1464,2026-05-21,23:10,23,2026-05,L009,Hospital Service Road,central,local_road,minor,clear,night_poor_light,bus,wrong_side_entry,0,28.617789910654093,77.21452284125975
ACC-1804,2026-05-04,21:45,21,2026-05,L004,School Gate Road,north,local_road,major,clear,night_poor_light,two_wheeler,low_visibility,2,28.638709559832563,77.19811119258245
ACC-1946,2026-01-29,18:20,18,2026-01,L001,Maple Junction,central,arterial,critical,cloudy,night_lit,bus,tailgating,2,28.610153439856415,77.22164310180426
ACC-0445,2026-02-09,22:30,22,2026-02,L008,Old Bridge Approach,north,bridge_approach,moderate,rain,night_poor_light,two_wheeler,low_visibility,1,28.64981404485776,77.22406955247428
ACC-0018,2026-05-04,11:00,11,2026-05,L011,Depot Crossing,south,junction,minor,wind,dusk,auto_rickshaw,sudden_lane_change,0,28.557378630955224,77.21609007661324
ACC-0907,2026-03-01,18:30,18,2026-03,L010,Airport Link Signal,east,local_road,critical,rain,dusk,cycle,wet_surface,2,28.625019049780402,77.25873383831599
ACC-1938,2026-06-23,18:05,18,2026-06,L002,Riverside Flyover,east,flyover,major,clear,daylight,car,signal_violation,2,28.62456563428036,77.23837956103714
ACC-0207,2026-05-16,07:35,7,2026-05,L006,Industrial Belt Exit,south,arterial,critical,rain,night_lit,two_wheeler,signal_violation,2,28.57496502712128,77.24314551803865
ACC-0585,2026-03-25,22:30,22,2026-03,L001,Maple Junction,central,arterial,moderate,clear,night_lit,bus,signal_violation,1,28.611091173332024,77.21720612760627
ACC-1291,2026-06-17,11:50,11,2026-06,L004,School Gate Road,north,junction,moderate,clear,night_poor_light,car,signal_violation,1,28.635737794738677,77.19780697451667
ACC-0275,2026-02-19,18:20,18,2026-02,L001,Maple Junction,central,signalized_crossing,major,clear,daylight,two_wheeler,tailgating,2,28.619172028392843,77.22175934797913
ACC-0921,2026-06-26,06:05,6,2026-06,L006,Industrial Belt Exit,south,highway_ramp,minor,wind,night_lit,auto_rickshaw,pedestrian_conflict,0,28.56445387166193,77.24748318924463
ACC-0154,2026-05-22,08:25,8,2026-05,L001,Maple Junction,central,junction,minor,clear,night_poor_light,car,overspeeding,0,28.60657447191858,77.2082000387367
ACC-1934,2026-05-31,22:05,22,2026-05,L003,Market Ring Road,central,arterial,moderate,rain,daylight,car,low_visibility,0,28.609192602812062,77.23080668512038
ACC-0048,2026-05-22,19:40,19,2026-05,L001,Maple Junction,central,junction,minor,clear,night_lit,bus,signal_violation,0,28.609227506011422,77.21364804949471
ACC-1125,2026-03-07,18:30,18,2026-03,L008,Old Bridge Approach,north,bridge_approach,minor,wind,dusk,bus,overspeeding,0,28.651600742154024,77.2147363428002
ACC-1396,2026-06-30,08:10,8,2026-06,L011,Depot Crossing,south,arterial,major,clear,night_lit,two_wheeler,pedestrian_conflict,2,28.567076700500156,77.22526790281576
ACC-0493,2026-01-19,18:25,18,2026-01,L004,School Gate Road,north,arterial,minor,wind,dusk,car,tailgating,0,28.64438754211812,77.20018830954876
ACC-0546,2026-03-09,15:40,15,2026-03,L008,Old Bridge Approach,north,bridge_approach,moderate,clear,daylight,car,low_visibility,0,28.65375015169648,77.22039707298812
ACC-1844,2026-04-19,08:55,8,2026-04,L012,Green Park Turn,west,arterial,minor,clear,night_poor_light,two_wheeler,signal_violation,0,28.577239330831816,77.18964592427784
ACC-1904,2026-01-28,19:45,19,2026-01,L011,Depot Crossing,south,arterial,moderate,rain,night_lit,auto_rickshaw,pedestrian_conflict,0,28.560678556609673,77.22338616352353
ACC-0335,2026-01-23,14:05,14,2026-01,L003,Market Ring Road,central,junction,minor,clear,night_poor_light,auto_rickshaw,wrong_side_entry,0,28.602526808131074,77.2310309821681
ACC-0639,2026-05-14,10:15,10,2026-05,L003,Market Ring Road,central,arterial,moderate,rain,dusk,cycle,pedestrian_conflict,1,28.6079775374427,77.217814171338
ACC-1469,2026-04-08,01:15,1,2026-04,L006,Industrial Belt Exit,south,arterial,moderate,clear,dusk,bus,low_visibility,1,28.571452668870858,77.23712377102117
ACC-0997,2026-01-08,00:30,0,2026-01,L009,Hospital Service Road,central,junction,critical,clear,night_poor_light,two_wheeler,tailgating,3,28.614329186498065,77.21598676984428
ACC-1545,2026-05-13,01:15,1,2026-05,L006,Industrial Belt Exit,south,junction,minor,clear,night_lit,two_wheeler,pedestrian_conflict,0,28.575981959548834,77.24043387634495
ACC-1914,2026-06-12,23:40,23,2026-06,L004,School Gate Road,north,local_road,minor,wind,dusk,truck,tailgating,0,28.643992057054245,77.2009968238768
ACC-1101,2026-02-13,05:05,5,2026-02,L002,Riverside Flyover,east,flyover,moderate,wind,dusk,two_wheeler,pedestrian_conflict,0,28.616023645283732,77.23006534036395
ACC-1033,2026-04-09,09:05,9,2026-04,L003,Market Ring Road,central,arterial,minor,clear,dusk,two_wheeler,tailgating,0,28.603084720861208,77.22133449247
ACC-0818,2026-05-17,17:35,17,2026-05,L003,Market Ring Road,central,local_road,major,wind,dusk,car,wrong_side_entry,1,28.60064228366416,77.22389259205437
ACC-0775,2026-02-17,21:25,21,2026-02,L002,Riverside Flyover,east,flyover,moderate,clear,night_lit,bus,overspeeding,0,28.62586533651666,77.23370606075224
ACC-1583,2026-02-27,19:45,19,2026-02,L001,Maple Junction,central,local_road,minor,rain,daylight,car,wrong_side_entry,0,28.608673632321445,77.21144950522768
ACC-0024,2026-06-24,20:25,20,2026-06,L003,Market Ring Road,central,arterial,major,clear,night_lit,truck,overspeeding,2,28.599239733661836,77.22157165041381
ACC-1886,2026-05-06,09:10,9,2026-05,L005,Metro Link Turn,west,junction,minor,cloudy,dusk,car,signal_violation,0,28.595951663557372,77.17945201313893
ACC-0868,2026-02-02,13:40,13,2026-02,L012,Green Park Turn,west,junction,minor,rain,night_lit,cycle,pedestrian_conflict,0,28.583088002039837,77.19386559139393
ACC-0140,2026-02-17,23:25,23,2026-02,L001,Maple Junction,central,arterial,major,fog,dusk,car,wet_surface,1,28.607210738455244,77.21602090785319
ACC-1036,2026-04-10,22:15,22,2026-04,L001,Maple Junction,central,signalized_crossing,moderate,fog,dusk,truck,overspeeding,1,28.61266377391479,77.2225625683993
ACC-0357,2026-04-20,08:15,8,2026-04,L003,Market Ring Road,central,local_road,moderate,clear,dusk,bus,signal_violation,1,28.607317904733726,77.23016548356753
ACC-1081,2026-03-10,23:50,23,2026-03,L008,Old Bridge Approach,north,bridge_approach,minor,clear,night_lit,truck,signal_violation,0,28.656231567415315,77.21681373545064
ACC-1806,2026-05-24,01:25,1,2026-05,L005,Metro Link Turn,west,arterial,minor,clear,night_poor_light,bus,wrong_side_entry,0,28.602223349580832,77.18007559114159
ACC-1473,2026-02-16,22:30,22,2026-02,L009,Hospital Service Road,central,local_road,moderate,cloudy,night_lit,auto_rickshaw,tailgating,1,28.625080690078672,77.21562485991083
ACC-1340,2026-06-14,18:15,18,2026-06,L012,Green Park Turn,west,junction,minor,clear,night_lit,cycle,wet_surface,0,28.579200666184498,77.19114608210853
ACC-1843,2026-01-05,23:55,23,2026-01,L009,Hospital Service Road,central,service_road,minor,clear,daylight,car,overspeeding,1,28.618825192071764,77.2134365138927
ACC-1566,2026-02-22,18:50,18,2026-02,L012,Green Park Turn,west,local_road,moderate,clear,dusk,truck,wrong_side_entry,1,28.582258073480965,77.19917064526808
ACC-1264,2026-01-23,19:40,19,2026-01,L001,Maple Junction,central,arterial,moderate,clear,daylight,truck,signal_violation,0,28.619413983316267,77.21043828484994
ACC-0214,2026-04-29,20:55,20,2026-04,L003,Market Ring Road,central,arterial,critical,wind,daylight,two_wheeler,low_visibility,2,28.606411767101203,77.22377081387977
ACC-0284,2026-03-30,16:15,16,2026-03,L008,Old Bridge Approach,north,bridge_approach,minor,rain,night_poor_light,auto_rickshaw,signal_violation,1,28.643731030206126,77.22045667982863
ACC-0812,2026-06-22,10:05,10,2026-06,L002,Riverside Flyover,east,flyover,major,clear,dusk,car,signal_violation,2,28.612679209996294,77.23724741007109
ACC-1515,2026-01-16,11:25,11,2026-01,L003,Market ring road,central,junction,moderate,rain,night_lit,cycle,wet_surface,0,28.600838709010578,77.22999983481621
ACC-0204,2026-03-04,00:30,0,2026-03,L011,Depot Crossing,south,arterial,major,rain,daylight,cycle,low_visibility,2,28.565053267330217,77.2148802625052
ACC-0742,2026-03-03,20:05,20,2026-03,L010,Airport Link Signal,east,arterial,major,clear,night_lit,cycle,signal_violation,2,28.631313712824504,77.26239448446998
ACC-0956,2026-01-26,03:10,3,2026-01,L003,Market Ring Road,central,local_road,moderate,rain,daylight,cycle,wet_surface,1,28.60655916629906,77.21980132124567
ACC-0104,2026-05-26,14:40,14,2026-05,L005,Metro Link Turn,west,arterial,minor,clear,dusk,two_wheeler,overspeeding,0,28.60289241855896,77.19063585878105
ACC-1138,2026-04-07,08:50,8,2026-04,L009,Hospital Service Road,central,arterial,critical,clear,night_lit,car,signal_violation,2,28.61612380278757,77.20296031176554
ACC-1776,2026-06-05,15:35,15,2026-06,L011,Depot Crossing,south,signalized_crossing,minor,cloudy,night_poor_light,auto_rickshaw,tailgating,0,28.57033849225149,77.22878803484551
ACC-1449,2026-04-28,09:10,9,2026-04,L001,Maple Junction,central,junction,minor,clear,night_lit,two_wheeler,overspeeding,0,28.61739194708347,77.22236355122033
ACC-0348,2026-02-22,10:35,10,2026-02,L011,Depot Crossing,south,arterial,minor,clear,night_lit,cycle,sudden_lane_change,0,28.56973556261925,77.22579608094347
ACC-0192,2026-01-15,18:00,18,2026-01,L001,Maple Junction,central,junction,minor,,daylight,auto_rickshaw,pedestrian_conflict,0,28.610208521658315,77.21708347623401
ACC-0061,2026-01-24,12:05,12,2026-01,L004,School Gate Road,north,arterial,minor,rain,night_lit,two_wheeler,tailgating,0,28.6369795135282,77.20035606800569
ACC-1952,2026-01-22,20:50,20,2026-01,L010,Airport Link Signal,east,local_road,minor,rain,daylight,bus,tailgating,0,28.63462659800321,77.2569324085999
ACC-1638,2026-02-27,12:45,12,2026-02,L004,School Gate Road,north,arterial,major,rain,daylight,two_wheeler,pedestrian_conflict,1,28.638150901532313,77.1932993991665
ACC-1203,2026-06-08,09:30,9,2026-06,L006,Industrial Belt Exit,south,junction,minor,cloudy,night_lit,car,low_visibility,0,28.5721221500744,77.24909123364117
ACC-0413,2026-03-04,13:30,13,2026-03,L003,Market Ring Road,central,arterial,minor,wind,night_lit,car,pedestrian_conflict,0,28.600563764444473,77.23186347774582
ACC-0302,2026-06-09,08:05,8,2026-06,L006,Industrial Belt Exit,south,highway_ramp,moderate,wind,night_poor_light,two_wheeler,wet_surface,1,28.57268124514956,77.25109443462563
ACC-1077,2026-06-08,16:50,16,2026-06,L008,Old Bridge  Approach,north,bridge_approach,minor,fog,daylight,car,tailgating,0,28.65327488278625,77.2228146499075
ACC-1913,2026-05-12,09:40,9,2026-05,L001,Maple Junction,central,arterial,major,clear,daylight,truck,signal_violation,2,28.617298486808558,77.21618382694408
ACC-1660,2026-03-19,05:05,5,2026-03,L001,Maple Junction,central,signalized_crossing,minor,clear,dusk,auto_rickshaw,tailgating,0,28.61364883594931,77.20769637478502
ACC-0397,2026-03-08,08:20,8,2026-03,L004,school gate road,north,local_road,moderate,clear,dusk,truck,signal_violation,1,28.634455321985477,77.20298255030738
ACC-0995,2026-01-08,14:25,14,2026-01,L001,Maple Junction,central,junction,moderate,fog,daylight,cycle,signal_violation,1,28.619843283048297,77.21703434722748
ACC-1818,2026-03-07,21:25,21,2026-03,L006,Industrial Belt Exit,south,local_road,major,rain,night_lit,two_wheeler,signal_violation,2,28.57095060526924,77.25013850680755
ACC-0731,2026-03-22,14:15,14,2026-03,L005,Metro Link Turn,west,arterial,major,clear,,car,low_visibility,2,28.59388429611801,77.18382261621346
ACC-1496,2026-06-26,09:55,9,2026-06,L003,Market Ring Road,central,junction,minor,clear,dusk,two_wheeler,low_visibility,0,,
ACC-1032,2026-03-31,12:15,12,2026-03,L005,Metro Link Turn,west,arterial,moderate,rain,night_poor_light,two_wheeler,signal_violation,0,28.601219512346436,77.19024569971809
ACC-1448,2026-03-08,12:50,12,2026-03,L008,Old Bridge Approach,north,bridge_approach,minor,cloudy,night_poor_light,two_wheeler,sudden_lane_change,0,28.65228401590971,77.22221968912143
ACC-0415,2026-02-04,05:45,5,2026-02,L006,Industrial Belt Exit,south,junction,moderate,clear,dusk,auto_rickshaw,pedestrian_conflict,1,28.574790686249933,77.24097278261922
ACC-1817,2026-02-19,22:00,22,2026-02,L006,Industrial Belt Exit,south,highway_ramp,moderate,clear,dusk,auto_rickshaw,tailgating,1,28.568382272073624,77.24366839682409
ACC-0858,2026-01-06,19:55,19,2026-01,L010,Airport Link Signal,east,junction,minor,clear,daylight,cycle,wrong_side_entry,0,28.640152068354716,77.26579511425423
ACC-1037,2026-03-05,17:45,17,2026-03,L002,Riverside Flyover,east,flyover,major,cloudy,,two_wheeler,tailgating,2,28.61826864184961,77.23888718630779
ACC-0977,2026-04-07,07:20,7,2026-04,L001,Maple Junction,central,arterial,major,fog,daylight,car,sudden_lane_change,2,28.61433097883146,77.21042375876574
ACC-1306,2026-06-03,17:55,17,2026-06,L006,Industrial Belt Exit,south,local_road,moderate,clear,dusk,two_wheeler,overspeeding,1,28.57400787821738,77.24078296531391
ACC-0951,2026-03-07,21:40,21,2026-03,L008,Old Bridge Approach,north,bridge_approach,major,clear,dusk,cycle,tailgating,1,28.651955748770888,77.21621088485388
ACC-0329,2026-06-27,05:10,5,2026-06,L008,Old Bridge Approach,north,bridge_approach,minor,rain,night_poor_light,bus,,0,28.653191607123865,77.22126196475524
ACC-0088,2026-03-16,14:05,14,2026-03,L006,Industrial Belt Exit,south,junction,minor,rain,daylight,cycle,wrong_side_entry,0,28.572499594490097,77.24411703977923
ACC-0797,2026-04-19,21:10,21,2026-04,L009,Hospital Service Road,central,junction,critical,fog,night_lit,bus,low_visibility,3,28.616780353016033,77.20881054283903
ACC-0313,2026-02-20,18:40,18,2026-02,L012,Green Park Turn ,west,junction,minor,clear,night_poor_light,truck,sudden_lane_change,0,28.58402531202783,77.18987906231632
ACC-1874,2026-03-06,06:15,6,2026-03,L001,Maple Junction,central,junction,minor,clear,dusk,bus,sudden_lane_change,1,28.61083307876156,77.21652275813533
ACC-0083,2026-02-19,07:40,7,2026-02,L007,Lakeview Avenue,west,collector_road,major,rain,night_poor_light,car,signal_violation,2,28.59333635790071,77.16923449452533
ACC-1630,2026-05-31,18:45,18,2026-05,L003,Market Ring Road,central,local_road,minor,clear,night_lit,car,low_visibility,0,28.607224930905193,77.23152537052408
ACC-1790,2026-06-13,09:45,9,2026-06,L011,Depot Crossing,south,local_road,minor,clear,night_lit,two_wheeler,pedestrian_conflict,0,28.55851591523819,77.22492161015381
ACC-1055,2026-03-22,23:35,23,2026-03,L008,Old Bridge Approach,north,bridge_approach,minor,fog,night_lit,two_wheeler,signal_violation,0,28.65058103039022,77.21201615042888
ACC-0340,2026-05-10,17:40,17,2026-05,L002,Riverside Flyover,east,flyover,moderate,clear,night_poor_light,two_wheeler,low_visibility,0,28.617744708140556,77.23153778396035
ACC-1705,2026-06-21,08:10,8,2026-06,L008,Old Bridge Approach,north,bridge_approach,minor,fog,night_lit,two_wheeler,sudden_lane_change,0,28.65601239130763,77.22333959389508
ACC-0892,2026-02-17,19:15,19,2026-02,L003,Market Ring Road,central,local_road,moderate,rain,daylight,truck,low_visibility,0,28.61191509814836,77.23194014129827
ACC-1119,2026-04-26,14:40,14,2026-04,L004,School Gate Road,north,arterial,major,clear,night_lit,auto_rickshaw,signal_violation,2,28.63011268543189,77.19942863945818
ACC-0503,2026-03-05,13:45,13,2026-03,L005,Metro Link Turn,west,arterial,critical,clear,night_poor_light,truck,tailgating,3,28.596249989213113,77.17700425233537
ACC-0636,2026-06-25,16:35,16,2026-06,L006,Industrial Belt Exit,south,local_road,moderate,wind,night_poor_light,bus,tailgating,1,28.569188274198734,77.25056385728693
ACC-1317,2026-06-03,22:15,22,2026-06,L006,Industrial Belt Exit,south,local_road,minor,fog,night_poor_light,bus,low_visibility,0,28.573776710596196,77.23965323696191
ACC-1387,2026-02-16,18:05,18,2026-02,L012,Green Park Turn,west,local_road,major,fog,night_poor_light,auto_rickshaw,tailgating,1,28.58451598246828,77.1878976212544
ACC-0530,2026-05-01,16:00,16,2026-05,L012,Green Park Turn,west,arterial,moderate,clear,dusk,auto_rickshaw,tailgating,0,28.584068895333754,77.19313864260035
ACC-0034,2026-02-16,12:10,12,2026-02,L012,Green Park Turn,west,junction,critical,clear,night_poor_light,two_wheeler,signal_violation,2,28.571427632111217,77.1969782732204
ACC-1016,2026-06-27,09:50,9,2026-06,L004,School Gate Road,north,junction,moderate,clear,daylight,car,overspeeding,1,28.6363108358008,77.20144923691782
ACC-0315,2026-03-22,16:25,16,2026-03,L012,Green Park Turn,west,arterial,minor,fog,daylight,two_wheeler,wet_surface,0,28.569475576293424,77.1958047736946
ACC-1831,2026-02-06,22:30,22,2026-02,L009,Hospital Service Road,central,local_road,moderate,rain,dusk,cycle,overspeeding,1,28.61351235544128,77.20532690113224
ACC-0665,2026-05-28,08:45,8,2026-05,L006,Industrial Belt Exit,south,arterial,major,rain,night_poor_light,auto_rickshaw,tailgating,1,28.573365281418102,77.23967696077429
ACC-1377,2026-06-19,19:05,19,2026-06,L010,Airport Link Signal,east,junction,major,rain,night_lit,auto_rickshaw,tailgating,2,28.635824663710505,77.25428823326688
ACC-1468,2026-04-12,13:10,13,2026-04,L003,Market Ring Road,central,local_road,moderate,rain,night_poor_light,truck,tailgating,0,28.60589710107317,77.2216456661009
ACC-0792,2026-04-21,16:35,16,2026-04,L009,Hospital Service Road,central,local_road,minor,clear,dusk,bus,tailgating,1,28.62892160674533,77.2078500704937
ACC-1870,2026-03-16,21:25,21,2026-03,L006,Industrial Belt Exit,south,arterial,major,clear,dusk,bus,tailgating,2,28.573951173681127,77.25034986013412
ACC-0491,2026-05-28,00:20,0,2026-05,L012,Green Park Turn,west,arterial,minor,cloudy,dusk,car,signal_violation,0,28.582365744498766,77.19240430694855
ACC-1076,2026-02-26,16:40,16,2026-02,L004,School Gate Road,north,arterial,moderate,wind,daylight,truck,wet_surface,0,28.634560903192916,77.20240531530926
ACC-1716,2026-02-20,15:00,15,2026-02,L001,Maple Junction,central,local_road,minor,fog,daylight,car,wet_surface,0,28.606886088851816,77.20709446187344
ACC-1208,2026-05-14,12:15,12,2026-05,L009,Hospital Service Road,central,service_road,minor,wind,daylight,auto_rickshaw,signal_violation,0,28.6237900658411,77.20686542970179
ACC-0493,2026-01-19,18:25,18,2026-01,L004,School Gate Road,north,arterial,minor,wind,dusk,car,tailgating,0,28.64438754211812,77.20018830954876
ACC-0431,2026-06-29,14:05,14,2026-06,L004,School Gate Road,north,arterial,minor,cloudy,daylight,truck,wet_surface,0,28.633907619952467,77.20482373042836
ACC-0319,2026-04-30,17:55,17,2026-04,L003,Market Ring Road,central,junction,minor,rain,daylight,bus,wet_surface,0,28.61242255752339,77.22126590216402
ACC-0576,2026-06-16,20:00,20,2026-06,L009,Hospital Service Road,central,arterial,major,rain,night_lit,bus,pedestrian_conflict,2,28.613379522018256,77.2076929210219
ACC-1744,2026-01-11,13:35,13,2026-01,L005,Metro Link Turn,west,local_road,moderate,cloudy,daylight,truck,signal_violation,0,,