accident_id,accident_date,accident_time,hour_of_day,month,location_id,location_name,zone,road_type,severity,weather_condition,lighting_condition,vehicle_type,reported_cause,casualties,latitude,longitude
ACC-1226,2026-03-03,13:55,13,2026-03,L012,Green Park Turn,west,junction,major,clear,night_lit,bus,wrong_side_entry,2,28.571171399292222,77.18698363167569
ACC-0264,2026-05-23,18:30,18,2026-05,L003,Market Ring Road,central,arterial,minor,cloudy,daylight,two_wheeler,overspeeding,0,28.61062045930157,77.23111846224364
ACC-1893,2026-04-23,11:40,11,2026-04,L003,Market Ring Road,central,local_road,minor,clear,daylight,two_wheeler,low_visibility,0,28.59829085150638,77.2282236127821
ACC-0492,2026-06-09,17:15,17,2026-06,L004,School Gate Road,north,local_road,major,clear,dusk,truck,low_visibility,2,28.637749677433106,77.1973189991338
ACC-0468,2026-03-19,05:10,5,2026-03,L009,Hospital-Service Road,central,junction,moderate,,daylight,two_wheeler,tailgating,0,28.628547912082627,77.20922938286722
ACC-1598,2026-06-29,12:15,12,2026-06,L003,Market Ring Road,central,arterial,moderate,clear,daylight,car,low_visibility,0,28.60999801880459,77.22954594091586
ACC-0981,2026-01-27,00:15,0,2026-01,L003,Market Ring Road,central,junction,minor,,night_poor_light,auto_rickshaw,tailgating,0,28.600938674016067,77.21930759502564
ACC-1128,2026-04-04,11:35,11,2026-04,L001,Maple Junction,central,signalized_crossing,major,clear,night_lit,two_wheeler,tailgating,2,28.610185663545018,77.22122974718316
ACC-0917,2026-04-29,23:40,23,2026-04,L003,Market Ring Road,central,local_road,major,rain,daylight,auto_rickshaw,pedestrian_conflict,1,28.612177935577,77.22746109748955
ACC-1094,2026-01-22,07:35,7,2026-01,L001,Maple Junction,central,junction,minor,rain,daylight,auto_rickshaw,wet_surface,0,28.60621280172019,77.22238443771565
ACC-0221,2026-03-05,06:50,6,2026-03,L002,Riverside Flyover,east,flyover,moderate,cloudy,dusk,truck,pedestrian_conflict,1,28.626957721146635,77.23877672439156
ACC-1542,2026-02-02,21:25,21,2026-02,L001,Maple Junction,central,arterial,minor,clear,dusk,cycle,wrong_side_entry,0,28.607493492817586,77.21334148532814
ACC-1682,2026-06-07,11:25,11,2026-06,L001,Maple Junction,central,arterial,minor,wind,dusk,car,signal_violation,0,28.61827256184554,77.21832596617816
ACC-0602,2026-05-10,09:25,9,2026-05,L008,Old Bridge Approach,north,bridge_approach,major,clear,dusk,bus,,1,28.652966975081686,77.22379634218036
ACC-0223,2026-02-25,12:15,12,2026-02,L006,Industrial Belt Exit,south,local_road,moderate,clear,night_poor_light,truck,overspeeding,1,28.574793885665656,77.24223557231765
ACC-1297,2026-01-18,20:45,20,2026-01,L009,Hospital Service Road,central,junction,minor,clear,daylight,cycle,wet_surface,0,28.621562845316824,77.20476841684359
ACC-1113,2026-05-08,07:55,7,2026-05,L005,Metro Link Turn,west,local_road,moderate,fog,dusk,bus,tailgating,0,28.596719840030506,77.18368904892117
ACC-0065,2026-03-18,22:45,22,2026-03,L011,Depot Crossing,south,arterial,major,rain,daylight,bus,wet_surface,1,28.564208369744243,77.22597546898116
ACC-1564,2026-04-03,18:40,18,2026-04,L010,Airport Link Signal,east,local_road,major,clear,night_poor_light,auto_rickshaw,overspeeding,2,28.625573001976683,77.25928109926316
ACC-1403,2026-03-23,07:35,7,2026-03,L008,Old Bridge  Approach,north,bridge_approach,moderate,clear,daylight,bus,tailgating,0,28.642461990557248,77.22234999275439
ACC-1131,2026-06-09,16:30,16,2026-06,L001,Maple Junction,central,local_road,moderate,wind,night_lit,cycle,wet_surface,1,28.615845910312668,77.20850059753352
ACC-0862,2026-04-08,23:15,23,2026-04,L011,Depot Crossing,south,junction,moderate,wind,dusk,two_wheeler,pedestrian_conflict,1,28.571524060562925,77.22850475500223
ACC-1368,2026-03-16,20:05,20,2026-03,L005,Metro Link Turn,west,junction,moderate,clear,night_lit,two_wheeler,tailgating,0,28.593983100763097,77.18800790501706
ACC-1943,2026-03-12,12:15,12,2026-03,L001,Maple Junction,central,local_road,minor,clear,night_lit,two_wheeler,tailgating,0,28.604973663168504,77.22124266954214
ACC-0646,2026-03-23,17:40,17,2026-03,L004,School Gate Road,north,junction,major,cloudy,night_lit,two_wheeler,tailgating,1,28.6415058737113,77.20183812239085
ACC-0628,2026-06-25,09:40,9,2026-06,L008,Old Bridge Approach,north,bridge_approach,minor,clear,night_poor_light,auto_rickshaw,low_visibility,0,28.651254918851098,77.22282811284636
ACC-0173,2026-01-15,11:35,11,2026-01,L003,Market Ring Road,central,local_road,minor,rain,night_lit,two_wheeler,low_visibility,0,28.602319634392597,77.22669014939078
ACC-0400,2026-01-11,17:45,17,2026-01,L001,Maple Junction,central,arterial,moderate,clear,daylight,auto_rickshaw,tailgating,0,28.60729307896367,77.20786518369992
ACC-1745,2026-06-19,02:15,2,2026-06,L004,School Gate Road,north,junction,moderate,cloudy,dusk,auto_rickshaw,low_visibility,1,28.640123599763374,77.19912906949824
ACC-0876,2026-03-16,07:40,7,2026-03,L001,Maple Junction,central,junction,moderate,fog,night_lit,cycle,wet_surface,1,28.616932733380718,77.21666198216177
ACC-0426,2026-01-07,03:45,3,2026-01,L003,Market Ring Road,central,local_road,moderate,clear,dusk,bus,sudden_lane_change,1,28.600624689152205,77.23014508487623
ACC-0610,2026-02-04,04:45,4,2026-02,L006,Industrial Belt Exit,south,arterial,minor,cloudy,dusk,bus,wet_surface,0,28.573208958519125,77.24984267589687
ACC-0883,2026-05-09,09:00,9,2026-05,L005,Metro Link Turn,west,junction,minor,clear,dusk,auto_rickshaw,wrong_side_entry,1,28.596669316213582,77.17613657823829
ACC-0389,2026-06-03,07:40,7,2026-06,L006,Industrial Belt Exit,south,local_road,major,rain,daylight,car,pedestrian_conflict,2,28.56754108192991,77.23972863081588
ACC-1392,2026-04-10,17:20,17,2026-04,L010,Airport Link Signal,east,junction,minor,rain,night_poor_light,cycle,sudden_lane_change,0,28.63264914096926,77.25514627440856
ACC-1185,2026-05-29,00:05,0,2026-05,L009,Hospital Service Road,central,arterial,major,clear,night_poor_light,bus,sudden_lane_change,2,28.624678754055385,77.20010003796659
ACC-1397,2026-02-14,08:35,8,2026-02,L008,Old Bridge Approach,north,bridge_approach,minor,clear,daylight,two_wheeler,wrong_side_entry,1,28.65179702790498,77.22350776334932
ACC-1385,2026-03-08,08:40,8,2026-03,L008,Old Bridge Approach,north,bridge_approach,moderate,fog,night_poor_light,cycle,tailgating,0,28.644660988636918,77.22677021445142
ACC-1522,2026-03-16,17:10,17,2026-03,L002,Riverside Flyover,east,flyover,minor,rain,dusk,cycle,low_visibility,0,28.62581567366936,77.24136728962004
ACC-1696,2026-04-11,22:35,22,2026-04,L009,Hospital-Service Road,central,arterial,minor,clear,daylight,car,tailgating,0,28.61603402325547,77.21516905800658
ACC-0143,2026-06-23,19:20,19,2026-06,L003,Market Ring Road,central,junction,minor,wind,daylight,auto_rickshaw,signal_violation,0,28.600629999691197,77.22445688179899
ACC-1097,2026-02-12,02:20,2,2026-02,L010,Airport Link Signal,east,local_road,moderate,clear,dusk,two_wheeler,low_visibility,0,28.636646818020832,77.25260149701123
ACC-1593,2026-06-16,00:10,0,2026-06,L004,School Gate Road,north,arterial,moderate,,night_poor_light,car,pedestrian_conflict,1,28.643146097087115,77.19371595553304
ACC-0281,2026-05-26,18:30,18,2026-05,L003,Market Ring Road,central,junction,critical,fog,dusk,truck,pedestrian_conflict,3,28.60333503540538,77.22184524922378
ACC-0178,2026-05-24,15:40,15,2026-05,L011,Depot Crossing,south,local_road,moderate,fog,dusk,bus,low_visibility,0,28.57042452833968,77.22193350778724
ACC-0609,2026-05-10,19:30,19,2026-05,L009,Hospital Service Road,central,service_road,minor,cloudy,night_lit,bus,sudden_lane_change,0,28.619104027371165,77.21425786796277
ACC-1537,2026-01-05,14:30,14,2026-01,L003,Market Ring Road,central,local_road,moderate,rain,daylight,bus,signal_violation,0,28.603014495039893,77.21815608330773
ACC-1895,2026-02-21,14:20,14,2026-02,L006,Industrial Belt Exit,south,junction,moderate,clear,daylight,two_wheeler,overspeeding,0,28.569160884498995,77.23845543508169
ACC-0417,2026-05-09,23:45,23,2026-05,L006,Industrial Belt Exit,south,junction,moderate,rain,dusk,cycle,tailgating,1,28.574468260909395,77.24956911918314
ACC-1576,2026-02-23,18:25,18,2026-02,L011,Depot Crossing,south,local_road,moderate,clear,night_lit,two_wheeler,wet_surface,1,28.56481726314037,77.21546460823177
ACC-0618,2026-02-17,15:40,15,2026-02,L006,Industrial Belt Exit,south,highway_ramp,moderate,rain,night_poor_light,auto_rickshaw,overspeeding,0,28.568832232463368,77.25080809330188
ACC-1847,2026-05-22,18:15,18,2026-05,L003,Market ring road,central,arterial,major,rain,daylight,cycle,sudden_lane_change,1,28.609144276886788,77.22694055832305
ACC-1605,2026-06-29,21:10,21,2026-06,L005,Metro Link Turn,west,arterial,moderate,clear,daylight,truck,sudden_lane_change,0,28.600458888109607,77.17678333819497
ACC-0899,2026-02-28,08:25,8,2026-02,L005,Metro Link Turn,west,junction,moderate,clear,,cycle,pedestrian_conflict,1,28.605719545859426,77.17826615034964
ACC-1509,2026-02-03,12:25,12,2026-02,L001,Maple Junction,central,junction,moderate,clear,daylight,truck,wet_surface,1,28.619522982207208,77.20736648568484
ACC-0843,2026-06-29,10:00,10,2026-06,L005,Metro Link Turn,west,local_road,minor,rain,night_lit,car,low_visibility,0,28.59385477705522,77.18553210271875
ACC-0407,2026-04-26,10:05,10,2026-04,L003,Market Ring Road,central,arterial,critical,clear,dusk,cycle,sudden_lane_change,2,28.59954993058084,77.22937989815429
ACC-0846,2026-01-29,15:10,15,2026-01,L006,Industrial Belt Exit,south,local_road,moderate,,daylight,car,signal_violation,0,28.56323844530405,77.23968031110475
ACC-0752,2026-05-28,09:35,9,2026-05,L012,Green Park Turn,west,arterial,moderate,wind,night_lit,bus,tailgating,1,28.580158498704552,77.19229995050173
ACC-1887,2026-06-14,12:10,12,2026-06,L006,Industrial Belt Exit,south,highway_ramp,minor,clear,night_poor_light,truck,tailgating,0,28.572025949401347,77.24318243810947
ACC-0769,2026-06-28,01:00,1,2026-06,L004,School Gate Road,north,local_road,moderate,clear,daylight,bus,sudden_lane_change,0,28.630869176561017,77.19952465674562
ACC-0100,2026-03-03,14:00,14,2026-03,L012,Green Park Turn,west,local_road,critical,clear,daylight,car,signal_violation,3,28.574991374730214,77.19826133768349
ACC-0418,2026-02-27,17:50,17,2026-02,L002,Riverside Flyover,east,flyover,moderate,clear,night_lit,cycle,wrong_side_entry,0,28.61314917153452,77.24162807360685
ACC-1427,2026-06-03,22:40,22,2026-06,L001,Maple Junction,central,junction,minor,rain,daylight,two_wheeler,signal_violation,0,28.61358612197347,77.22130474855466
ACC-1296,2026-03-01,19:15,19,2026-03,L011,Depot Crossing,south,arterial,major,rain,night_lit,auto_rickshaw,tailgating,2,28.567573272484452,77.22248801897656
ACC-0309,2026-03-27,12:35,12,2026-03,L006,Industrial Belt Exit,south,arterial,minor,clear,night_lit,car,signal_violation,0,28.574008754518818,77.24091885317866
ACC-1752,2026-04-21,11:20,11,2026-04,L012,Green Park Turn,west,local_road,moderate,rain,daylight,car,pedestrian_conflict,0,28.576695410023337,77.1968711731296
ACC-1689,2026-02-07,05:40,5,2026-02,L003,Market Ring Road,central,local_road,major,clear,night_poor_light,cycle,signal_violation,1,28.61081554184781,77.22513296368871
ACC-0416,2026-01-22,16:10,16,2026-01,L001,Maple Junction,central,junction,moderate,clear,daylight,cycle,sudden_lane_change,0,28.614879694754574,77.20935880572814
ACC-0954,2026-01-17,09:20,9,2026-01,L007,Lakeview Avenue,west,collector_road,minor,clear,daylight,auto_rickshaw,signal_violation,0,28.590588581453886,77.16913322167972
ACC-1906,2026-06-06,08:05,8,2026-06,L006,Industrial Belt Exit,south,local_road,major,clear,dusk,bus,pedestrian_conflict,2,28.576973675294564,77.25128057792115
ACC-1463,2026-01-23,16:25,16,2026-01,L002,Riverside Flyover,east,flyover,major,wind,daylight,car,overspeeding,1,28.627072955985124,77.24103486088669
ACC-0918,2026-02-11,03:10,3,2026-02,L006,Industrial Belt Exit,south,arterial,critical,clear,night_poor_light,bus,tailgating,3,28.568413447282456,77.24317529091257
ACC-0544,2026-04-06,06:30,6,2026-04,L008,Old Bridge Approach,north,bridge_approach,moderate,clear,dusk,cycle,pedestrian_conflict,1,28.656938984614897,77.22584546639148
ACC-1196,2026-06-25,08:05,8,2026-06,L009,Hospital Service Road,central,arterial,minor,wind,dusk,truck,tailgating,1,28.621962809897795,77.21035758390688
ACC-1171,2026-04-11,14:20,14,2026-04,L005,Metro Link Turn,west,local_road,major,clear,night_poor_light,truck,tailgating,1,28.594440806646887,77.18190276187087
ACC-1707,2026-02-24,09:10,9,2026-02,L006,Industrial Belt Exit,south,highway_ramp,moderate,rain,night_lit,car,low_visibility,0,28.578532191143907,77.23804611245704
ACC-1316,2026-06-27,05:10,5,2026-06,L007,Lakeview Avenue,west,junction,minor,clear,dusk,auto_rickshaw,overspeeding,0,28.596609290792284,77.16862737577345
ACC-0298,2026-06-21,10:35,10,2026-06,L004,School Gate Road,north,arterial,major,clear,night_lit,truck,low_visibility,2,28.634865317412288,77.19511126803138
ACC-0834,2026-06-07,18:50,18,2026-06,L006,Industrial Belt Exit,south,highway_ramp,minor,cloudy,dusk,auto_rickshaw,sudden_lane_change,0,28.576668611602013,77.23894920572882
ACC-0969,2026-03-08,09:30,9,2026-03,L001,Maple Junction,central,signalized_crossing,minor,fog,night_lit,car,sudden_lane_change,1,28.61998681565482,77.21438923501479
ACC-1606,2026-06-22,17:25,17,2026-06,L005,Metro Link Turn,west,junction,major,fog,daylight,bus,wet_surface,2,28.596171154797855,77.17807107471
ACC-1486,2026-06-29,23:55,23,2026-06,L009,Hospital Service Road,central,local_road,moderate,clear,daylight,truck,low_visibility,0,28.624153882712275,77.20510278780283
ACC-0436,2026-03-25,18:25,18,2026-03,L006,Industrial Belt Exit,south,highway_ramp,minor,wind,night_lit,car,tailgating,0,28.575278159223135,77.23978407896185
ACC-1237,2026-01-25,17:30,17,2026-01,L002,Riverside Flyover,east,flyover,minor,cloudy,daylight,truck,low_visibility,0,28.622376205317785,77.24122262006746
ACC-1189,2026-05-21,04:10,4,2026-05,L004,School Gate Road,north,junction,moderate,clear,night_poor_light,cycle,sudden_lane_change,1,28.632129292610173,77.20199666011159
ACC-1578,2026-06-11,15:50,15,2026-06,L003,Market Ring Road,central,junction,moderate,clear,night_poor_light,cycle,sudden_lane_change,0,28.60478340279962,77.22593189739659
ACC-0679,2026-05-28,13:45,13,2026-05,L005,Metro Link Turn,west,local_road,critical,clear,daylight,car,pedestrian_conflict,3,28.599004332068404,77.18300955671026
ACC-0139,2026-04-02,20:00,20,2026-04,L003,Market Ring Road,central,junction,minor,wind,daylight,cycle,signal_violation,0,28.601592245021084,77.22097221093371
ACC-0766,2026-01-23,15:25,15,2026-01,L004,School Gate Road,north,arterial,major,fog,dusk,auto_rickshaw,low_visibility,1,28.63694632919561,77.19725661672275
ACC-0563,2026-06-26,19:10,19,2026-06,L004,School Gate Road,north,arterial,moderate,rain,daylight,bus,low_visibility,0,28.642341754562203,77.19784727220832
ACC-0086,2026-01-13,13:15,13,2026-01,L003,Market Ring Road,central,junction,minor,clear,night_lit,auto_rickshaw,low_visibility,0,28.606587051988626,77.23055475784629
ACC-1719,2026-06-17,08:10,8,2026-06,L009,Hospital Service Road,central,service_road,minor,wind,dusk,bus,tailgating,1,28.614844302787013,77.20744313776211
ACC-1009,2026-03-12,19:15,19,2026-03,L004,School Gate Road,north,junction,minor,fog,night_lit,two_wheeler,wet_surface,0,28.633934525081884,77.20659527146607
ACC-0007,2026-06-17,16:05,16,2026-06,L004,School Gate Road,north,local_road,moderate,fog,dusk,car,tailgating,0,28.631789883605137,77.19880769227488
ACC-0046,2026-05-29,19:55,19,2026-05,L003,Market Ring Road,central,local_road,minor,clear,dusk,truck,low_visibility,0,28.609045016199364,77.22430937300268
ACC-0261,2026-05-20,20:20,20,2026-05,L005,Metro Link Turn,west,arterial,minor,fog,night_lit,car,wrong_side_entry,0,28.59513408591754,77.17908073023398
ACC-0209,2026-06-21,13:00,13,2026-06,L003,Market Ring Road,central,local_road,critical,rain,daylight,auto_rickshaw,wet_surface,2,28.607843039771257,77.22778439009619
ACC-1846,2026-06-27,15:45,15,2026-06,L009,Hospital Service Road,central,local_road,minor,wind,night_poor_light,auto_rickshaw,signal_violation,0,28.61328396667098,77.21377429884127
ACC-1548,2026-04-16,13:35,13,2026-04,L003,Market Ring Road,central,local_road,moderate,clear,night_lit,car,overspeeding,1,28.599167579959015,77.22253673603774
ACC-0735,2026-02-07,16:40,16,2026-02,L010,Airport Link Signal,east,junction,moderate,clear,dusk,bus,sudden_lane_change,0,28.625732854945397,77.25737836758577
ACC-0051,2026-04-04,08:30,8,2026-04,L002,Riverside Flyover,east,flyover,minor,wind,night_lit,truck,low_visibility,0,28.626166620542396,77.2404787503599
ACC-1051,2026-05-22,16:50,16,2026-05,L001,Maple Junction,central,arterial,major,rain,daylight,bus,overspeeding,2,28.615097592189063,77.22089532743071
ACC-0180,2026-04-01,19:50,19,2026-04,L006,Industrial Belt Exit,south,arterial,major,rain,night_lit,truck,tailgating,1,28.57606541898524,77.24950907903367
ACC-0548,2026-03-25,11:30,11,2026-03,L004,School Gate Road,north,arterial,minor,clear,night_lit,car,overspeeding,0,28.641381562846053,77.20643801765885
ACC-1087,2026-03-12,14:15,14,2026-03,L011,Depot Crossing,south,signalized_crossing,major,clear,dusk,auto_rickshaw,low_visibility,2,28.562935914891888,77.21497356754462
ACC-0247,2026-06-16,18:20,18,2026-06,L003,Market Ring Road,central,junction,moderate,clear,daylight,car,wrong_side_entry,0,28.61280696133016,77.23220316867983
ACC-1525,2026-05-26,11:00,11,2026-05,L011,Depot Crossing,south,local_road,moderate,clear,daylight,car,wrong_side_entry,1,28.560777372512003,77.21979763347673
ACC-0427,2026-05-14,03:40,3,2026-05,L001,Maple Junction,central,signalized_crossing,major,clear,night_lit,two_wheeler,signal_violation,1,28.610058117622348,77.20868004367146
ACC-0251,2026-05-03,14:20,14,2026-05,L009,Hospital Service Road,central,junction,minor,clear,night_lit,cycle,low_visibility,0,28.615593985541917,77.20231371798263
ACC-0741,2026-04-11,20:10,20,2026-04,L010,Airport Link Signal,east,junction,moderate,rain,night_poor_light,truck,low_visibility,1,28.632121212634942,77.2570516832185
ACC-0028,2026-04-08,06:40,6,2026-04,L002,Riverside Flyover,east,flyover,moderate,clear,dusk,bus,pedestrian_conflict,1,28.613832525942062,77.24310881878898
ACC-1508,2026-01-22,07:50,7,2026-01,L012,Green Park Turn,west,local_road,minor,clear,night_lit,cycle,tailgating,0,28.57950898775992,77.19137926867066
ACC-0971,2026-02-11,19:55,19,2026-02,L001,Maple Junction,central,arterial,moderate,,dusk,two_wheeler,wrong_side_entry,1,28.617764273000574,77.21702713882509
ACC-1642,2026-01-17,19:35,19,2026-01,L011,Depot Crossing,south,arterial,moderate,wind,night_poor_light,truck,wet_surface,0,28.57168519525183,77.22683629132075
ACC-1133,2026-03-29,17:55,17,2026-03,L007,lakeview avenue,west,collector_road,minor,fog,night_lit,truck,wet_surface,0,,
ACC-1932,2026-01-20,10:15,10,2026-01,L001,Maple Junction,central,arterial,minor,clear,night_lit,cycle,signal_violation,0,28.619950302092516,77.21892204352095
ACC-1881,2026-01-30,13:10,13,2026-01,L006,Industrial Belt Exit,south,junction,major,,dusk,truck,low_visibility,2,28.5710519169343,77.24121445154309
ACC-0166,2026-05-31,20:15,20,2026-05,L003,market ring road,central,local_road,major,cloudy,night_poor_light,auto_rickshaw,low_visibility,2,28.603113371811006,77.21923887213721
ACC-0959,2026-04-19,15:00,15,2026-04,L008,Old Bridge Approach,north,bridge_approach,minor,rain,dusk,two_wheeler,signal_violation,0,28.654322565070526,77.22194013007984
ACC-0518,2026-01-26,17:15,17,2026-01,L001,Maple Junction,central,local_road,major,clear,night_lit,car,tailgating,1,28.61454767909652,77.21951882060206
ACC-0322,2026-05-28,08:30,8,2026-05,L003,Market Ring Road,central,local_road,critical,clear,night_lit,auto_rickshaw,sudden_lane_change,3,28.612954174943702,77.22862584109625
ACC-0675,2026-03-13,00:35,0,2026-03,L003,market ring road,central,junction,minor,clear,night_lit,cycle,low_visibility,1,28.598669998130696,77.22486133551322
ACC-0387,2026-06-14,18:40,18,2026-06,L005,Metro Link Turn,west,junction,moderate,rain,dusk,truck,signal_violation,1,28.590154898464654,77.18896642215954
ACC-0240,2026-03-05,12:55,12,2026-03,L010,Airport Link Signal,east,arterial,moderate,clear,,car,wrong_side_entry,0,28.640183054640413,77.26682767512175
ACC-1402,2026-05-17,08:10,8,2026-05,L007,Lakeview Avenue,west,junction,moderate,wind,night_lit,two_wheeler,tailgating,0,28.58104271000289,77.16713974917013
ACC-1917,2026-02-01,03:05,3,2026-02,L008,Old Bridge Approach,north,bridge_approach,moderate,rain,dusk,cycle,overspeeding,0,28.653198556317108,77.22065957327673
ACC-0655,2026-04-20,06:05,6,2026-04,L006,Industrial Belt Exit,south,arterial,moderate,fog,night_poor_light,two_wheeler,pedestrian_conflict,0,28.563283356600653,77.24192013626302
ACC-0150,2026-01-16,00:55,0,2026-01,L007,Lakeview Avenue,west,junction,minor,clear,night_poor_light,auto_rickshaw,signal_violation,0,28.59038574680146,77.17967558635969
ACC-0739,2026-01-06,08:10,8,2026-01,L003,Market Ring Road,central,junction,moderate,rain,daylight,car,signal_violation,1,28.601266617699462,77.22703408905942
ACC-1099,2026-06-26,08:25,8,2026-06,L009,Hospital Service Road,central,arterial,moderate,clear,night_lit,bus,overspeeding,1,28.62780498399944,77.21569504291857
ACC-0287,2026-04-02,16:45,16,2026-04,L006,Industrial Belt Exit,south,local_road,moderate,fog,dusk,car,overspeeding,0,28.578785656396175,77.2516286636705
ACC-0759,2026-06-28,23:30,23,2026-06,L011,Depot Crossing,south,signalized_crossing,minor,cloudy,daylight,auto_rickshaw,signal_violation,0,28.567958529526667,77.21416287056451
ACC-0027,2026-02-11,08:20,8,2026-02,L004,School Gate Road,north,junction,minor,wind,dusk,auto_rickshaw,wet_surface,0,28.630833369731892,77.2082307150781
ACC-0377,2026-06-25,07:30,7,2026-06,L003,Market Ring Road,central,junction,minor,wind,dusk,bus,signal_violation,0,28.606113725879098,77.2303627988767
ACC-0459,2026-04-17,19:05,19,2026-04,L001,Maple Junction,central,arterial,moderate,cloudy,daylight,car,low_visibility,0,28.61816326196503,77.20849265384112
ACC-1359,2026-03-05,08:05,8,2026-03,L004,School Gate Road,north,local_road,moderate,clear,night_poor_light,two_wheeler,sudden_lane_change,0,28.64286354906413,77.20829635476665
ACC-0706,2026-03-05,17:50,17,2026-03,L008,Old Bridge Approach,north,bridge_approach,major,fog,daylight,auto_rickshaw,wet_surface,1,28.64625045799493,77.21914136043793
ACC-0336,2026-05-05,15:55,15,2026-05,L008,Old Bridge Approach,north,bridge_approach,minor,clear,daylight,car,overspeeding,0,28.647982877864365,77.22692322789372
ACC-0911,2026-01-19,21:35,21,2026-01,L003,Market Ring Road,central,local_road,minor,,night_poor_light,two_wheeler,wet_surface,0,28.607198718652835,77.22131422720874
ACC-0006,2026-02-18,20:00,20,2026-02,L008,Old Bridge Approach,north,bridge_approach,moderate,rain,daylight,bus,signal_violation,0,28.643530524069515,77.21105192505762
ACC-0667,2026-02-13,18:10,18,2026-02,L001, Maple Junction,central,signalized_crossing,minor,clear,dusk,auto_rickshaw,signal_violation,0,28.614458015563773,77.21175951883441
ACC-1027,2026-01-01,17:55,17,2026-01,L001,maple junction,central,local_road,moderate,clear,night_lit,cycle,wrong_side_entry,0,28.618113867379883,77.21081114573714
ACC-0338,2026-01-22,23:05,23,2026-01,L004,School Gate Road,north,arterial,major,clear,,car,wet_surface,2,28.6405526291704,77.20026488824229
ACC-1046,2026-06-20,10:30,10,2026-06,L011,Depot Crossing,south,signalized_crossing,moderate,wind,daylight,two_wheeler,tailgating,0,28.569483677934404,77.22265449416828
ACC-1346,2026-02-22,14:30,14,2026-02,L008,Old Bridge Approach,north,bridge_approach,minor,clear,night_lit,truck,wet_surface,0,28.651708950773745,77.21144334061353
ACC-1702,2026-01-23,09:15,9,2026-01,L003,Market Ring Road,central,junction,major,clear,daylight,car,overspeeding,2,28.610933822368906,77.22369444925644
ACC-0050,2026-05-22,08:20,8,2026-05,L010,Airport Link Signal,east,local_road,minor,clear,daylight,cycle,low_visibility,1,28.628541875201183,77.25301147265857
ACC-0630,2026-06-01,21:40,21,2026-06,L010,Airport Link Signal,east,local_road,critical,wind,night_poor_light,two_wheeler,sudden_lane_change,2,28.627494863884646,77.2615800261791
ACC-1760,2026-06-06,09:05,9,2026-06,L012,Green Park Turn,west,arterial,moderate,clear,dusk,two_wheeler,sudden_lane_change,1,28.57010602384831,77.1934067591989
ACC-1935,2026-03-08,20:15,20,2026-03,L002,Riverside Flyover,east,flyover,minor,rain,daylight,two_wheeler,pedestrian_conflict,0,28.627941998191666,77.23217506547726
ACC-0580,2026-03-05,15:30,15,2026-03,L003,Market Ring Road,central,junction,minor,wind,night_lit,auto_rickshaw,wet_surface,0,28.612354137704358,77.21722772153242
ACC-1955,2026-02-15,16:15,16,2026-02,L012,Green Park Turn,west,arterial,moderate,fog,night_poor_light,truck,wrong_side_entry,1,28.578252423102565,77.19597065886461
ACC-1828,2026-06-06,19:25,19,2026-06,L001,Maple Junction,central,signalized_crossing,minor,wind,dusk,cycle,overspeeding,0,28.6090970771921,77.21194368994183
ACC-1041,2026-02-04,21:45,21,2026-02,L005,Metro Link Turn,west,arterial,moderate,clear,daylight,two_wheeler,wrong_side_entry,1,28.605030287188765,77.17616517388996
ACC-1111,2026-02-03,10:30,10,2026-02,L006,Industrial Belt Exit,south,junction,minor,clear,night_poor_light,car,overspeeding,0,28.565457037692177,77.23963772274213
ACC-1918,2026-06-14,18:50,18,2026-06,L010,Airport Link Signal,east,junction,minor,fog,night_poor_light,two_wheeler,tailgating,0,28.63779639559176,77.2558180988266
ACC-1555,2026-06-26,08:20,8,2026-06,L006,Industrial Belt Exit,south,highway_ramp,minor,clear,night_lit,two_wheeler,wet_surface,0,28.56858192758007,77.2494713487182
ACC-0612,2026-05-31,05:05,5,2026-05,L002,Riverside Flyover,east,flyover,minor,rain,night_poor_light,truck,tailgating,0,28.617556871252905,77.24261018162254
ACC-1653,2026-02-24,19:20,19,2026-02,L011,Depot Crossing,south,arterial,minor,wind,night_lit,auto_rickshaw,tailgating,0,28.559209157623673,77.21446255348627
ACC-1477,2026-01-19,22:50,22,2026-01,L001,Maple Junction,central,local_road,major,rain,daylight,auto_rickshaw,wet_surface,2,28.612972699512106,77.2102990681586
ACC-1779,2026-02-18,05:00,5,2026-02,L002,Riverside Flyover,east,flyover,minor,clear,night_poor_light,truck,pedestrian_conflict,0,,
ACC-1118,2026-03-17,00:05,0,2026-03,L012,Green Park Turn,west,arterial,moderate,clear,daylight,two_wheeler,signal_violation,0,28.583970466927482,77.19658162029599
ACC-1277,2026-04-25,17:30,17,2026-04,L005,Metro Link Turn,west,arterial,minor,clear,night_lit,two_wheeler,low_visibility,0,28.598760961518934,77.17835617967941
ACC-0243,2026-05-02,08:30,8,2026-05,L003,Market Ring Road,central,junction,minor,clear,dusk,two_wheeler,low_visibility,0,28.61393591057995,77.23265740519777
ACC-1962,2026-06-23,09:10,9,2026-06,L001,Maple Junction,central,signalized_crossing,minor,rain,dusk,car,signal_violation,0,28.60656877666359,77.22185657498046