accident_id,accident_date,accident_time,hour_of_day,month,location_id,location_name,zone,road_type,severity,weather_condition,lighting_condition,vehicle_type,reported_cause,casualties,latitude,longitude
ACC-1292,2026-01-28,04:30,4,2026-01,L012,Green Park Turn,west,arterial,moderate,clear,night_poor_light,two_wheeler,signal_violation,0,28.574267662480715,77.19745596210413
ACC-0657,2026-01-11,04:30,4,2026-01,L005,Metro Link Turn,west,local_road,minor,clear,,auto_rickshaw,tailgating,0,28.59582051930997,77.18844414842832
ACC-1594,2026-03-01,16:05,16,2026-03,L011,Depot Crossing,south,junction,minor,rain,dusk,two_wheeler,pedestrian_conflict,0,28.55876369741947,77.22897348039712
ACC-0009,2026-01-01,15:10,15,2026-01,L006,Industrial Belt Exit,south,local_road,minor,rain,daylight,cycle,sudden_lane_change,0,28.57122649791694,77.24045563622343
ACC-1432,2026-01-14,04:55,4,2026-01,L007,Lakeview Avenue,west,collector_road,critical,clear,dusk,two_wheeler,signal_violation,3,28.58318129366787,77.17774638259279
ACC-0233,2026-03-07,14:15,14,2026-03,L006,Industrial Belt Exit,south,junction,moderate,rain,night_lit,auto_rickshaw,low_visibility,1,28.570339529478854,77.24664387767638
ACC-0755,2026-06-13,05:30,5,2026-06,L011,Depot Crossing,south,local_road,minor,clear,night_poor_light,cycle,,0,28.562353415701228,77.21964036299134
ACC-1355,2026-02-11,00:45,0,2026-02,L003,Market Ring Road,central,local_road,moderate,rain,night_lit,bus,wet_surface,1,28.605252521920992,77.21808085892971
ACC-0872,2026-06-14,19:00,19,2026-06,L004,School Gate Road,north,local_road,moderate,wind,night_lit,two_wheeler,overspeeding,0,28.63242346893387,77.20744564665753
ACC-0933,2026-06-22,00:50,0,2026-06,L004,School Gate Road,north,arterial,major,wind,dusk,bus,wet_surface,1,28.638332495609202,77.20541501411637
ACC-0328,2026-02-03,21:45,21,2026-02,L003,Market Ring Road,central,arterial,major,clear,dusk,two_wheeler,sudden_lane_change,2,28.604500621055283,77.2175421068995
ACC-0049,2026-06-16,22:15,22,2026-06,L009,Hospital Service Road,central,arterial,major,clear,daylight,auto_rickshaw,overspeeding,2,28.62458746739321,77.21567907588451
ACC-1608,2026-05-15,19:45,19,2026-05,L006,Industrial Belt Exit,south,junction,minor,clear,dusk,truck,wrong_side_entry,0,28.56965704567897,77.2435661387669
ACC-1559,2026-02-10,21:25,21,2026-02,L003,Market Ring Road,central,junction,minor,wind,night_lit,cycle,sudden_lane_change,0,28.601962240483573,77.23061223290647
ACC-1342,2026-00-15,19:35,19,2026-02,L004,School Gate Road,north,junction,minor,fog,dusk,bus,,0,28.63183768420543,77.1931334715169
ACC-1001,2026-06-25,06:40,6,2026-06,L008,Old Bridge Approach,north,bridge_approach,major,rain,daylight,car,overspeeding,2,28.647864551929654,77.21590756800477
ACC-0260,2026-04-26,13:30,13,2026-01,L002,Riverside Flyover,east,flyover,major,fog,dusk,auto_rickshaw,signal_violation,1,28.62515421628741,77.24500838154746
ACC-0031,2026-04-22,10:00,10,2026-04,L006,Industrial Belt Exit,south,arterial,minor,clear,night_lit,two_wheeler,sudden_lane_change,0,28.571892656446714,77.24426603602744
ACC-0963,2026-04-25,04:15,4,2026-04,L007,Lakeview Avenue,west,collector_road,major,clear,night_poor_light,two_wheeler,signal_violation,1,28.592806215977063,77.17487512214859
ACC-0539,2026-05-01,00:50,0,2026-05,L006,Industrial Belt Exit,south,junction,minor,rain,dusk,auto_rickshaw,sudden_lane_change,0,28.569802443326996,77.2478957337169
ACC-0119,2026-06-23,11:00,11,2026-06,L009,Hospital Service Road,central,arterial,moderate,fog,night_lit,cycle,signal_violation,0,28.62352162631329,77.20568014111117
ACC-1784,2026-04-11,22:20,22,2026-04,L006,Industrial Belt Exit,south,junction,minor,clear,daylight,two_wheeler,pedestrian_conflict,0,28.573198417097704,77.24647593686497
ACC-1136,2026-03-21,12:05,12,2026-03,L006,Industrial Belt Exit,south,local_road,moderate,fog,dusk,car,wrong_side_entry,1,28.57068677222312,77.23989134026596
ACC-0645,2026-06-02,17:40,17,2026-06,L003,Market Ring Road,central,junction,critical,clear,,cycle,low_visibility,2,28.60332670182601,77.21750198091634
ACC-1302,2026-01-03,19:55,19,2026-01,L006,Industrial Belt Exit,south,local_road,minor,fog,daylight,two_wheeler,signal_violation,0,28.57692747202148,77.2430181371865
ACC-1401,2026-01-01,14:20,14,2026-01,L004,School Gate Road,north,local_road,minor,wind,night_lit,truck,overspeeding,0,28.6459076206252,77.20193791152707
ACC-1251,2026-06-11,05:50,5,2026-06,L003,Market Ring Road,central,local_road,moderate,clear,night_lit,auto_rickshaw,low_visibility,1,28.613703277337937,77.2321788816251
ACC-1600,2026-05-02,00:50,0,2026-05,L006,Industrial Belt Exit,south,arterial,minor,fog,daylight,truck,wet_surface,0,28.564534273956575,77.24339875364431
ACC-0579,2026-03-15,17:05,17,2026-03,L009,Hospital-Service Road,central,junction,minor,clear,dusk,bus,signal_violation,0,28.622331685936803,77.202373813818
ACC-0583,2026-02-07,08:35,8,2026-02,L009,Hospital Service Road,central,service_road,moderate,rain,night_lit,two_wheeler,low_visibility,0,28.620652784719038,77.20707036913436
ACC-0011,2026-01-26,20:35,20,2026-01,L001,Maple Junction,central,junction,critical,,night_poor_light,car,wet_surface,2,28.617834406304482,77.22143908584817
ACC-1278,2026-04-20,03:45,3,2026-04,L002,Riverside Flyover,east,flyover,moderate,clear,daylight,bus,wet_surface,0,28.625685846450015,77.23504873183707
ACC-0764,2026-06-26,19:15,19,2026-06,L009,Hospital Service Road,central,service_road,moderate,rain,night_poor_light,two_wheeler,wrong_side_entry,1,28.62056764079988,77.20636790056709
ACC-0964,2026-01-11,07:55,7,2026-01,L005, Metro Link Turn,west,junction,moderate,clear,night_lit,car,sudden_lane_change,0,28.601912216365882,77.1846153766812
ACC-0502,2026-02-22,05:35,5,2026-02,L006,Industrial Belt Exit,south,arterial,minor,rain,daylight,two_wheeler,wet_surface,0,28.567534755522857,77.23792202395965
ACC-1158,2026-03-22,08:00,8,2026-03,L004,School Gate Road,north,junction,major,clear,night_poor_light,car,low_visibility,2,28.634990206109695,77.19420082855248
ACC-1425,2026-01-16,13:30,13,2026-01,L006,Industrial Belt Exit,south,arterial,major,clear,night_lit,truck,sudden_lane_change,1,28.57222493371048,77.2456096963956
ACC-0787,2026-01-27,09:05,9,2026-01,L003,Market Ring Road,central,arterial,minor,cloudy,,truck,sudden_lane_change,0,28.599558046250124,77.2297808597596
ACC-1475,2026-01-01,15:55,15,2026-01,L012,Green Park Turn,west,junction,moderate,rain,daylight,car,tailgating,1,28.569489932870756,77.19604217856003
ACC-1017,2026-02-01,12:55,12,2026-02,L004,School Gate Road,north,local_road,minor,wind,night_poor_light,bus,pedestrian_conflict,0,28.641626066154064,77.20847032212266
ACC-1288,2026-01-24,06:30,6,2026-01,L002,Riverside Flyover,east,flyover,minor,clear,night_poor_light,two_wheeler,low_visibility,0,28.622406135890742,77.2360964615149
ACC-1248,2026-02-18,13:05,13,2026-02,L006,Industrial Belt Exit,south,junction,moderate,rain,night_lit,truck,low_visibility,0,28.57148642039037,77.25116415264209
ACC-1498,2026-04-23,18:25,18,2026-04,L009,Hospital Service Road,central,arterial,major,clear,dusk,two_wheeler,wet_surface,1,28.61534620519248,77.20237576845548
ACC-0003,2026-03-07,17:00,17,2026-03,L008,Old Bridge Approach,north,bridge_approach,critical,cloudy,night_poor_light,two_wheeler,wet_surface,3,28.643602465554498,77.21668433120364
ACC-0849,2026-06-11,22:35,22,2026-06,L004,School Gate Road ,north,local_road,minor,wind,daylight,truck,sudden_lane_change,0,28.63675330880507,77.19447244048997
ACC-1813,2026-06-26,13:05,13,2026-06,L002,Riverside Flyover,east,flyover,moderate,clear,dusk,car,,0,28.625443103773307,77.23212413988
ACC-1812,2026-02-13,14:55,14,2026-02,L006,Industrial Belt Exit,south,arterial,major,rain,,cycle,wrong_side_entry,2,28.567700342390626,77.24045018417821
ACC-1900,2026-05-14,17:10,17,2026-05,L004,School Gate Road,north,junction,minor,clear,dusk,truck,signal_violation,0,28.641517959136063,77.20629794956305
ACC-0127,2026-01-26,08:50,8,2026-01,L009,Hospital Service Road,central,arterial,major,rain,dusk,bus,wrong_side_entry,1,28.625887047893922,77.20912118951688
ACC-0882,2026-01-16,00:00,0,2026-01,L004,School Gate Road,north,arterial,major,wind,dusk,cycle,tailgating,1,28.636130635408627,77.20420681934284
ACC-1802,2026-03-25,10:10,10,2026-03,L012,Green Park Turn,west,local_road,moderate,clear,dusk,car,wrong_side_entry,1,28.579170575539028,77.19125943691913
ACC-1572,2026-06-12,17:40,17,2026-06,L005,Metro Link Turn,west,local_road,major,rain,daylight,cycle,low_visibility,1,28.590858201734644,77.18421283222722
ACC-0056,2026-05-25,15:55,15,2026-05,L003,Market Ring Road,central,junction,major,clear,night_poor_light,two_wheeler,wrong_side_entry,1,28.604828224100178,77.22764172580897
ACC-0474,2026-04-03,15:00,15,2026-04,L009,Hospital Service Road,central,junction,critical,rain,night_lit,car,low_visibility,2,28.617750760101536,77.20856667552476
ACC-1155,2026-01-11,18:05,18,2026-01,L011,depot crossing,south,local_road,major,clear,night_poor_light,auto_rickshaw,signal_violation,2,28.561950993171482,77.22656153402531
ACC-1466,2026-02-07,23:25,23,2026-02,L003,Market Ring Road,central,local_road,major,fog,night_lit,car,sudden_lane_change,1,28.611163850969277,77.23141885173783
ACC-1404,2026-01-14,20:10,20,2026-01,L008,old bridge approach,north,bridge_approach,minor,clear,dusk,car,tailgating,0,28.652933155733848,77.21946315374743
ACC-1056,2026-02-18,21:45,21,2026-02,L009,Hospital Service Road,central,junction,major,rain,night_lit,bus,sudden_lane_change,1,28.62045453461703,77.20862043513198
ACC-0600,2026-01-14,02:20,2,2026-01,L009,Hospital Service Road,central,junction,minor,clear,night_poor_light,car,pedestrian_conflict,0,,
ACC-1481,2026-06-25,22:10,22,2026-06,L006,Industrial Belt Exit,south,local_road,critical,fog,daylight,auto_rickshaw,low_visibility,3,28.567492956518162,77.24140740023226
ACC-1588,2026-05-11,15:40,15,2026-05,L010,Airport Link Signal,east,local_road,moderate,clear,dusk,auto_rickshaw,pedestrian_conflict,0,28.63821079525961,77.25936599642068
ACC-0798,2026-02-18,21:15,21,2026-02,L005,Metro Link Turn,west,junction,moderate,clear,night_lit,truck,overspeeding,0,28.594637484699145,77.19107037353749
ACC-1758,2026-02-06,17:10,17,2026-02,L003,Market Ring Road,central,junction,moderate,clear,dusk,car,tailgating,0,28.606592207105695,77.22549154817895
ACC-0010,2026-03-04,05:25,5,2026-03,L004,School Gate Road,north,junction,moderate,fog,night_lit,cycle,signal_violation,0,28.641651417415062,77.20580948017378
ACC-1311,2026-01-25,17:35,17,2026-01,L009,Hospital Service Road,central,arterial,moderate,rain,night_poor_light,two_wheeler,wet_surface,1,28.61954054658442,77.20070898093645
ACC-0105,2026-06-28,10:30,10,2026-06,L009,Hospital Service Road,central,junction,minor,clear,night_lit,car,signal_violation,1,28.62458888383763,77.20894160762036
ACC-0115,2026-05-28,11:15,11,2026-05,L005,Metro Link Turn,west,arterial,moderate,rain,night_poor_light,two_wheeler,wet_surface,1,28.59609171237582,77.17822144094335
ACC-1539,2026-02-23,13:15,13,2026-02,L012,Green Park Turn,west,local_road,minor,fog,night_poor_light,car,signal_violation,0,28.572628506329906,77.19709900525129
ACC-0589,2026-05-30,17:15,17,2026-05,L003,Market Ring Road,central,local_road,moderate,clear,daylight,two_wheeler,wet_surface,0,28.612777697477846,77.21877649265191
ACC-1303,2026-02-14,20:20,20,2026-02,L003,Market Ring Road,central,arterial,major,clear,night_poor_light,truck,overspeeding,2,28.611195126532387,77.22344640942012
ACC-0410,2026-05-11,23:50,23,2026-05,L003,Market Ring Road,central,junction,moderate,clear,daylight,two_wheeler,tailgating,0,28.598049354607692,77.23092866417149
ACC-1098,2026-03-26,18:30,18,2026-03,L002,Riverside Flyover,east,flyover,moderate,clear,night_poor_light,auto_rickshaw,wet_surface,0,28.61222069440398,77.23064015713275
ACC-1703,2026-01-30,20:25,20,2026-01,L004,School Gate Road,north,arterial,minor,clear,dusk,auto_rickshaw,wet_surface,0,28.64474785143678,77.19811372252329
ACC-1038,2026-05-06,18:15,18,2026-05,L005,Metro Link Turn,west,local_road,moderate,rain,daylight,car,signal_violation,1,28.605132223983947,77.18868670274765
ACC-1145,2026-05-14,06:40,6,2026-05,L011,Depot Crossing,south,signalized_crossing,moderate,clear,daylight,cycle,wrong_side_entry,0,28.56490166639373,77.22247824348817
ACC-1331,2026-01-13,09:15,9,2026-01,L004,School Gate Road,north,arterial,major,wind,night_lit,truck,low_visibility,1,28.64348413671017,77.20322484406978
ACC-0419,2026-06-02,19:45,19,2026-06,L003,Market Ring Road,central,local_road,minor,clear,night_lit,two_wheeler,signal_violation,0,28.610869735091732,77.22013048109237
ACC-0949,2026-04-06,11:40,11,2026-04,L010,Airport Link Signal,east,arterial,minor,fog,dusk,cycle,signal_violation,0,28.62934213315474,77.25673002246654
ACC-1482,2026-04-14,17:05,17,2026-04,L002,Riverside Flyover,east,flyover,critical,wind,dusk,truck,pedestrian_conflict,2,28.6230474486469,77.24042612884728
ACC-1619,2026-05-08,17:10,17,2026-05,L003,Market Ring Road,central,junction,major,wind,night_poor_light,cycle,sudden_lane_change,1,28.60555655082288,77.21779339787015
ACC-1255,2026-05-21,07:50,7,2026-05,L012,Green Park Turn,west,local_road,moderate,rain,night_lit,bus,sudden_lane_change,0,28.575588715156762,77.19859780350275
ACC-1960,2026-06-30,19:05,19,2026-06,L003,Market Ring Road,central,junction,major,cloudy,dusk,cycle,signal_violation,1,28.61393635296245,77.22899788975933
ACC-0550,2026-04-01,16:00,16,2026-04,L007,Lakeview Avenue,west,collector_road,minor,wind,night_lit,two_wheeler,signal_violation,1,28.59417321133976,77.17881096514678
ACC-1259,2026-04-25,07:20,7,2026-04,L003,Market Ring Road,central,local_road,minor,rain,daylight,car,sudden_lane_change,0,28.6077412767025,77.21725988147685
ACC-0794,2026-01-27,17:40,17,2026-01,L003,Market Ring Road,central,arterial,minor,,night_poor_light,truck,tailgating,0,28.600562412763114,77.22848071331414
ACC-0041,2026-06-16,08:35,8,2026-06,L002,Riverside Flyover,east,flyover,major,,night_poor_light,auto_rickshaw,tailgating,2,28.61743800388983,77.24260347849223
ACC-1126,2026-04-30,17:15,17,2026-04,L007,Lakeview Avenue,west,junction,minor,clear,dusk,cycle,tailgating,0,28.586551351621964,77.17682185843638
ACC-1892,2026-04-13,09:05,9,2026-04,L011,Depot Crossing,south,signalized_crossing,minor,fog,night_poor_light,car,signal_violation,0,28.560771399658858,77.21403394338874
ACC-1437,2026-05-19,13:40,13,2026-05,L009,Hospital Service Road,central,junction,moderate,rain,daylight,car,low_visibility,1,28.62741952298709,77.2075306873756
ACC-0566,2026-01-24,06:30,6,2026-01,L005,Metro Link Turn,west,junction,minor,clear,night_lit,cycle,pedestrian_conflict,0,28.59910509246092,77.17665025568921
ACC-0669,2026-02-30,11:00,11,2026-03,L006,Industrial Belt Exit,south,local_road,moderate,wind,night_poor_light,bus,wrong_side_entry,0,28.575831056269084,77.23639060600654
ACC-0365,2026-01-01,11:10,11,2026-01,L012,Green Park Turn,west,local_road,minor,wind,night_lit,two_wheeler,low_visibility,0,28.57387380547145,77.19050793474268
ACC-0304,2026-06-19,18:05,18,2026-06,L001,Maple Junction,central,signalized_crossing,moderate,rain,night_lit,auto_rickshaw,signal_violation,0,28.617316539571494,77.21163141066478
ACC-1460,2026-01-14,00:35,0,2026-01,L006,Industrial Belt Exit,south,junction,minor,clear,night_lit,two_wheeler,pedestrian_conflict,1,28.571186435464494,77.24710094536749
ACC-1546,2026-01-31,08:05,8,2026-01,L001,Maple Junction,central,arterial,moderate,clear,night_lit,truck,wrong_side_entry,0,28.612945778812207,77.21861340641236
ACC-0296,2026-03-15,13:30,13,2026-03,L010,Airport Link Signal,east,local_road,moderate,rain,dusk,two_wheeler,low_visibility,1,28.635772903674287,77.26309156940088
ACC-0386,2026-05-13,22:50,22,2026-05,L006,Industrial Belt Exit,south,local_road,moderate,rain,night_lit,car,tailgating,0,28.57457337424149,77.23935800033503
ACC-1751,2026-05-11,07:15,7,2026-05,L005,Metro Link Turn,west,junction,minor,clear,daylight,two_wheeler,wet_surface,0,28.59035875217889,77.18864965584827
ACC-1052,2026-01-22,16:35,16,2026-01,L002,Riverside Flyover,east,flyover,moderate,clear,night_lit,truck,wrong_side_entry,1,28.613243992035994,77.24382909708041
ACC-0770,2026-05-08,17:15,17,2026-05,L001,Maple Junction,central,arterial,moderate,rain,dusk,car,pedestrian_conflict,0,28.61561633937397,77.21920746169842
ACC-0499,2026-03-25,20:25,20,2026-03,L010,Airport Link Signal,east,arterial,minor,cloudy,night_lit,two_wheeler,signal_violation,0,28.634047094402487,77.26304948643819
ACC-1878,2026-06-02,17:00,17,2026-06,L012,Green Park Turn,west,junction,moderate,clear,dusk,car,overspeeding,0,28.57780846659712,77.18855011952309
ACC-0272,2026-05-31,17:40,17,2026-05,L007,Lakeview Avenue,west,collector_road,moderate,wind,dusk,car,wet_surface,0,28.590183444825865,77.17030422382605
ACC-1516,2026-05-23,21:00,21,2026-05,L007,Lakeview Avenue,west,junction,minor,cloudy,daylight,truck,overspeeding,0,28.586964909688355,77.178521478837
ACC-0791,2026-01-28,00:00,0,2026-01,L001,Maple Junction,central,signalized_crossing,minor,clear,night_lit,two_wheeler,pedestrian_conflict,0,28.61428240798442,77.22021307908095
ACC-0395,2026-05-29,17:10,17,2026-05,L005,Metro Link Turn,west,arterial,major,fog,night_lit,bus,sudden_lane_change,2,28.601045547402897,77.18310378695159
ACC-0813,2026-04-09,13:10,13,2026-04,L010,Airport Link Signal,east,arterial,minor,clear,daylight,truck,tailgating,0,28.635821858090797,77.25914911728215
ACC-1110,2026-06-01,15:30,15,2026-06,L007,Lakeview Avenue,west,junction,moderate,rain,night_poor_light,truck,low_visibility,1,28.581722518222374,77.17552577745707
ACC-0712,2026-06-22,09:15,9,2026-06,L005,Metro Link Turn,west,local_road,minor,clear,night_lit,car,signal_violation,0,28.59201775588385,77.18756431568544
ACC-1770,2026-05-27,11:05,11,2026-05,L006,Industrial Belt Exit,south,junction,minor,clear,night_poor_light,car,sudden_lane_change,1,28.56827224332161,77.24665914439976
ACC-1173,2026-01-05,01:05,1,2026-01,L004,School Gate Road,north,arterial,major,clear,daylight,bus,low_visibility,2,28.63611919577171,77.19635865693984
ACC-0311,2026-06-12,10:50,10,2026-06,L006,Industrial Belt Exit,south,junction,moderate,clear,night_poor_light,auto_rickshaw,wet_surface,1,28.56606476032308,77.24050970866344
ACC-0847,2026-04-21,16:55,16,2026-04,L006,Industrial Belt Exit,south,highway_ramp,moderate,clear,dusk,auto_rickshaw,overspeeding,0,28.57574975336706,77.24062022221824
ACC-1445,2026-06-16,18:55,18,2026-06,L003,Market Ring Road,central,junction,critical,cloudy,daylight,truck,wet_surface,3,28.60337518448059,77.21775870869263
ACC-0893,2026-03-05,15:25,15,2026-03,L008,Old Bridge Approach,north,bridge_approach,minor,clear,daylight,cycle,low_visibility,0,28.655800006003762,77.22106879647973
ACC-1841,2026-01-19,07:15,7,2026-01,L003,Market Ring Road,central,local_road,major,fog,dusk,cycle,tailgating,2,28.612424104794467,77.21891973206507
ACC-0776,2026-03-19,18:45,18,2026-03,L001,Maple Junction,central,arterial,moderate,wind,daylight,truck,signal_violation,1,,
ACC-1650,2026-03-25,02:15,2,2026-03,L008,Old Bridge Approach,north,bridge_approach,major,clear,daylight,two_wheeler,tailgating,2,28.653362845007194,77.22006071495912
ACC-1853,2026-05-15,17:30,17,2026-05,L008,Old Bridge Approach,north,bridge_approach,moderate,fog,dusk,truck,wrong_side_entry,1,28.65571212876778,77.2249697381526
ACC-0253,2026-06-02,07:00,7,2026-06,L007,Lakeview Avenue,west,junction,minor,clear,night_lit,bus,tailgating,0,28.58178450180398,77.17167131078169
ACC-0652,2026-05-08,15:00,15,2026-05,L008,Old Bridge Approach,north,bridge_approach,moderate,clear,night_poor_light,auto_rickshaw,pedestrian_conflict,0,28.654898917305363,77.21843028121616
ACC-1718,2026-05-15,13:20,13,2026-05,L004,School Gate Road,north,arterial,moderate,clear,night_lit,bus,low_visibility,1,28.64596295532606,77.20497888792504
ACC-1276,2026-06-03,04:40,4,2026-06,L009,Hospital Service Road,central,service_road,major,wind,daylight,car,sudden_lane_change,2,28.6164405828415,77.21538658576581
ACC-0721,2026-01-06,11:10,11,2026-01,L006,Industrial Belt Exit,south,arterial,moderate,wind,night_lit,cycle,wrong_side_entry,0,28.565596674102046,77.24147361900333
ACC-1268,2026-05-21,11:45,11,2026-05,L003,Market Ring Road,central,local_road,minor,clear,night_lit,auto_rickshaw,sudden_lane_change,0,28.601133797564874,77.22519438282856
ACC-0691,2026-05-06,19:50,19,2026-05,L004,School Gate Road,north,arterial,moderate,wind,daylight,auto_rickshaw,pedestrian_conflict,0,28.642952805338652,77.19499301243968
ACC-0762,2026-02-06,21:45,21,2026-02,L012,Green Park Turn,west,junction,moderate,clear,night_lit,bus,low_visibility,1,28.575731806727248,77.19399174244077
ACC-0464,2026-06-13,18:10,18,2026-06,L004,School Gate Road,north,local_road,minor,wind,dusk,bus,wet_surface,0,28.637273258333003,77.20172129954763
ACC-0128,2026-04-29,17:05,17,2026-04,L002,Riverside Flyover,east,flyover,major,wind,night_poor_light,car,sudden_lane_change,1,28.6143398950948,77.23515354738575
ACC-0938,2026-06-20,20:40,20,2026-06,L009,Hospital Service Road,central,junction,minor,clear,night_poor_light,car,tailgating,0,28.627132365182767,77.21541560119896
ACC-0494,2026-06-10,08:35,8,2026-06,L006,Industrial Belt Exit,south,arterial,major,clear,night_lit,truck,sudden_lane_change,1,28.567614536536958,77.25151151824097
ACC-0816,2026-05-19,00:15,0,2026-05,L008,Old Bridge Approach,north,bridge_approach,minor,clear,daylight,bus,signal_violation,1,28.645762061792205,77.22428209526514
ACC-1618,2026-01-06,09:20,9,2026-01,L011,Depot Crossing,south,signalized_crossing,moderate,clear,night_poor_light,cycle,sudden_lane_change,0,28.56834478047498,77.22568874733322
ACC-0097,2026-03-08,03:05,3,2026-03,L005,Metro Link Turn,west,arterial,moderate,rain,night_poor_light,bus,tailgating,0,28.60021938120319,77.19105016997993
ACC-1470,2026-06-02,14:00,14,2026-06,L008,Old Bridge Approach,north,bridge_approach,minor,wind,night_lit,bus,signal_violation,0,28.644736073226973,77.21789661012662
ACC-0345,2026-06-23,22:50,22,2026-06,L001,Maple Junction,central,arterial,moderate,rain,dusk,bus,sudden_lane_change,0,28.60537749675523,77.21931553834241
ACC-1330,2026-06-23,11:20,11,2026-06,L001,Maple Junction,central,arterial,minor,fog,night_lit,bus,low_visibility,0,28.60782508473971,77.2131629577349
ACC-0827,2026-06-21,19:50,19,2026-06,L011,Depot Crossing,south,arterial,minor,clear,night_lit,cycle,tailgating,0,28.557700653781694,77.21707220045582
ACC-1783,2026-06-30,01:10,1,2026-06,L006,Industrial Belt Exit,south,arterial,minor,clear,night_lit,two_wheeler,tailgating,0,28.5675289159112,77.24951278953574
ACC-1480,2026-03-01,20:55,20,2026-03,L004,School Gate Road,north,local_road,moderate,clear,night_lit,car,tailgating,0,28.641348436192345,77.19731381408918
ACC-1647,2026-04-14,12:40,12,2026-04,L012,Green Park Turn,west,arterial,moderate,fog,night_poor_light,car,wrong_side_entry,1,28.571166787740584,77.1995749290942
ACC-1006,2026-05-01,13:10,13,2026-05,L006,Industrial Belt Exit,south,highway_ramp,moderate,clear,daylight,truck,wrong_side_entry,1,28.566627161677832,77.23779121779745
ACC-1923,2026-06-03,13:20,13,2026-06,L001,Maple Junction,central,junction,minor,,dusk,truck,sudden_lane_change,0,28.614103448012855,77.21739963258361
ACC-0305,2026-05-05,08:40,8,2026-05,L010,Airport Link Signal,east,local_road,minor,rain,daylight,car,pedestrian_conflict,0,28.625455081357877,77.26423549369302
ACC-0079,2026-01-06,13:20,13,2026-01,L012,Green Park Turn,west,local_road,minor,clear,dusk,cycle,tailgating,0,28.57220285345586,77.18617165468368
ACC-1106,2026-04-11,14:50,14,2026-04,L005,Metro Link Turn,west,local_road,major,clear,daylight,car,tailgating,1,28.595201537741005,77.17846249999704
ACC-1146,2026-02-21,14:10,14,2026-02,L004,School Gate Road,north,local_road,critical,clear,dusk,truck,wet_surface,3,28.630418147255536,77.20555667604222
ACC-0030,2026-06-21,20:25,20,2026-06,L008,Old Bridge Approach,north,bridge_approach,minor,rain,night_lit,bus,pedestrian_conflict,0,28.648437980346152,77.22421175357472
ACC-0197,2026-01-24,10:30,10,2026-01,L005,Metro Link Turn,west,junction,major,clear,daylight,bus,signal_violation,1,28.603739418485933,77.17824002669946
ACC-1727,2026-02-16,19:45,19,2026-02,L001,Maple Junction,central,junction,moderate,clear,dusk,auto_rickshaw,wet_surface,0,28.61859774702909,77.21589841048784
ACC-0443,2026-01-07,16:00,16,2026-01,L011,depot crossing,south,arterial,moderate,fog,daylight,auto_rickshaw,tailgating,0,28.565834414734734,77.21573774555016
ACC-1090,2026-03-04,17:20,17,2026-03,L008,Old Bridge Approach,north,bridge_approach,moderate,clear,dusk,truck,wrong_side_entry,1,28.65128777252822,77.21939540548767
ACC-1658,2026-04-15,19:20,19,2026-04,L003,Market Ring Road,central,junction,major,clear,daylight,bus,wet_surface,2,28.602049792085324,77.22945767949935
ACC-0265,2026-04-05,13:25,13,2026-04,L010,Airport Link Signal,east,arterial,minor,rain,night_lit,truck,tailgating,0,28.628817204668625,77.25589905697679
ACC-0830,2026-03-22,14:50,14,2026-03,L012,Green Park Turn,west,arterial,critical,clear,night_lit,truck,pedestrian_conflict,3,28.57807554236798,77.19501902626664
ACC-0701,2026-03-15,10:10,10,2026-03,L005,Metro Link Turn,west,junction,critical,clear,daylight,bus,signal_violation,3,28.59084990946657,77.1834414306771
ACC-1045,2026-03-09,12:45,12,2026-03,L012,Green Park Turn,west,local_road,minor,clear,dusk,auto_rickshaw,tailgating,0,28.575688345856598,77.19308511949079
ACC-1840,2026-02-17,06:45,6,2026-02,L008,Old Bridge Approach,north,bridge_approach,moderate,cloudy,dusk,car,wet_surface,1,28.64527961845659,77.2191479722051
ACC-1528,2026-02-05,14:40,14,2026-02,L004,School Gate Road,north,junction,critical,rain,dusk,truck,low_visibility,2,28.632156010981333,77.20551708745502
ACC-0186,2026-03-20,20:45,20,2026-03,L006,Industrial Belt Exit,south,junction,moderate,rain,daylight,auto_rickshaw,sudden_lane_change,0,28.57408697720343,77.2367516781004
ACC-1586,2026-03-25,22:20,22,2026-03,L004,School Gate Road,north,arterial,critical,rain,night_poor_light,car,pedestrian_conflict,2,28.643436514990224,77.20222461602467
ACC-1105,2026-01-11,10:20,10,2026-01,L009,Hospital Service Road,central,service_road,critical,clear,night_lit,truck,tailgating,3,28.625025726051167,77.20573558281522
ACC-1093,2026-06-30,06:15,6,2026-06,L009,Hospital Service Road,central,service_road,critical,cloudy,dusk,bus,low_visibility,2,28.617132596870103,77.20702873688619
ACC-1211,2026-01-17,14:10,14,2026-01,L005,Metro Link Turn,west,arterial,moderate,rain,night_lit,two_wheeler,signal_violation,1,28.596344196185957,77.18841498944548
ACC-0801,2026-04-12,17:40,17,2026-04,L009,Hospital Service Road,central,arterial,moderate,clear,daylight,truck,pedestrian_conflict,1,28.626405671229666,77.21200970945243
ACC-1287,2026-02-03,21:55,21,2026-02,L009,Hospital Service Road,central,local_road,minor,wind,night_poor_light,auto_rickshaw,pedestrian_conflict,0,28.624040347530347,77.20149253511634