accident_id,accident_date,accident_time,hour_of_day,month,location_id,location_name,zone,road_type,severity,weather_condition,lighting_condition,vehicle_type,reported_cause,casualties,latitude,longitude
ACC-0324,2026-01-05,01:50,1,2026-01,L010,Airport Link Signal,east,junction,moderate,rain,daylight,bus,wrong_side_entry,0,28.638753344046652,77.25334287265706
ACC-1747,2026-04-11,11:15,11,2026-04,L004,School Gate Road,north,junction,moderate,clear,dusk,bus,low_visibility,0,28.64316730969516,77.20456377433473
ACC-0352,2026-03-10,13:05,13,2026-03,L003,Market Ring Road,central,local_road,major,clear,night_lit,car,wrong_side_entry,2,28.61059545185902,77.219207909322
ACC-1130,2026-04-07,11:25,11,2026-04,L005,Metro Link Turn,west,local_road,moderate,wind,dusk,cycle,signal_violation,0,28.601945687817828,77.19064432969576
ACC-1637,2026-06-04,03:10,3,2026-06,L005,Metro Link Turn,west,junction,critical,clear,night_lit,truck,sudden_lane_change,2,28.591402872479655,77.18570120857254
ACC-1694,2026-05-28,06:00,6,2026-05,L003,Market Ring Road,central,local_road,moderate,clear,daylight,auto_rickshaw,sudden_lane_change,1,28.59920370430614,77.2176634507935
ACC-0158,2026-02-13,20:45,20,2026-02,L001,Maple Junction,central,local_road,minor,fog,daylight,cycle,pedestrian_conflict,0,28.606018975978216,77.21377399838906
ACC-0321,2026-06-04,16:15,16,2026-06,L001,Maple Junction,central,arterial,moderate,clear,daylight,auto_rickshaw,wet_surface,0,28.61092656775277,77.2156391612665
ACC-0848,2026-04-02,18:15,18,2026-04,L005, Metro Link Turn,west,local_road,moderate,clear,,auto_rickshaw,low_visibility,1,28.600820499395144,77.17756253028331
ACC-0352,2026-03-10,13:05,13,2026-03,L003,Market Ring Road,central,local_road,major,clear,night_lit,car,wrong_side_entry,2,28.61059545185902,77.219207909322
ACC-1159,2026-05-09,14:55,14,2026-05,L012,Green Park Turn,west,junction,minor,clear,night_lit,cycle,overspeeding,0,28.569490008159786,77.18569547028432
ACC-0593,2026-05-27,09:25,9,2026-05,L011,Depot Crossing,south,junction,moderate,clear,night_lit,two_wheeler,wet_surface,1,28.568831337788133,77.2281760590592
ACC-1805,2026-06-09,07:10,7,2026-06,L009,Hospital Service Road,central,junction,minor,fog,night_poor_light,car,signal_violation,0,28.623275825610754,77.20024498685443
ACC-1353,2026-01-15,07:10,7,2026-01,L004,School Gate Road,north,local_road,minor,wind,dusk,truck,wrong_side_entry,0,28.64014615059683,77.20134725371192
ACC-0201,2026-04-12,19:20,19,2026-04,L005,Metro Link Turn,west,junction,major,clear,night_poor_light,truck,overspeeding,2,28.60029563203821,77.17938427366617
ACC-0012,2026-05-26,15:45,15,2026-05,L005,Metro Link Turn,west,arterial,minor,wind,night_lit,truck,wrong_side_entry,0,28.59080227739622,77.18362861627374
ACC-1792,2026-04-12,04:25,4,2026-04,L005,Metro Link Turn,west,local_road,moderate,wind,night_lit,car,tailgating,1,28.60354273152231,77.18451292157283
ACC-1814,2026-03-05,11:45,11,2026-03,L008,Old Bridge Approach,north,bridge_approach,critical,clear,night_lit,truck,low_visibility,3,28.65596514058725,77.21447245486574
ACC-1724,2026-03-15,09:20,9,2026-03,L001,Maple Junction,central,signalized_crossing,moderate,clear,daylight,cycle,,0,28.616506705939358,77.21506732204563
ACC-1642,2026-01-17,19:35,19,2026-01,L011,Depot Crossing,south,arterial,moderate,wind,night_poor_light,truck,wet_surface,0,28.57168519525183,77.22683629132075
ACC-0091,2026-06-11,14:40,14,2026-06,L009,Hospital Service Road,central,arterial,moderate,clear,daylight,truck,overspeeding,0,28.625338788305402,77.21127841498938
ACC-1350,2026-04-11,20:35,20,2026-04,L011,Depot Crossing,south,arterial,minor,wind,dusk,truck,tailgating,0,28.5690429334296,77.22662255362361
ACC-1298,2026-03-18,08:15,8,2026-03,L009,Hospital Service Road,central,arterial,major,clear,daylight,two_wheeler,low_visibility,1,28.628002052483268,77.20515803550448
ACC-1662,2026-02-21,16:55,16,2026-02,L006,Industrial Belt Exit,south,arterial,critical,clear,night_lit,car,pedestrian_conflict,3,28.56445288595991,77.24961861318343
ACC-0986,2026-05-05,19:50,19,2026-05,L004,School Gate Road,north,local_road,minor,clear,dusk,truck,pedestrian_conflict,0,28.632523525371226,77.19658402306725
ACC-1220,2026-06-07,12:25,12,2026-06,L010,Airport Link Signal,east,junction,minor,clear,night_poor_light,auto_rickshaw,wet_surface,0,28.63253599274213,77.26678898650502
ACC-1708,2026-05-08,13:25,13,2026-05,L001,Maple Junction,central,junction,minor,wind,dusk,car,low_visibility,0,28.60473981553854,77.20823965456732
ACC-0484,2026-06-30,17:00,17,2026-06,L003,Market Ring Road,central,arterial,minor,wind,daylight,two_wheeler,low_visibility,0,28.602318592870077,77.21972541808185
ACC-1865,2026-05-12,18:55,18,2026-05,L009,Hospital Service Road,central,service_road,moderate,wind,night_lit,bus,tailgating,0,28.620723690858114,77.21005773852906
ACC-0929,2026-01-12,15:00,15,2026-01,L005,Metro Link Turn,west,junction,minor,clear,night_poor_light,car,low_visibility,1,28.60160204397767,77.17852268661868
ACC-0437,2026-05-08,16:45,16,2026-05,L006,Industrial Belt Exit,south,junction,minor,clear,daylight,bus,low_visibility,0,28.56617459934639,77.24730337438378
ACC-0912,2026-04-17,12:35,12,2026-04,L009,Hospital Service Road,central,junction,critical,rain,dusk,auto_rickshaw,wet_surface,3,28.61459614339461,77.20252309323592
ACC-1741,2026-01-30,23:10,23,2026-01,L006,Industrial Belt Exit,south,highway_ramp,major,wind,dusk,two_wheeler,signal_violation,1,28.563961246675753,77.2422577712403
ACC-1435,2026-06-04,13:40,13,2026-06,L006,Industrial Belt Exit,south,highway_ramp,moderate,cloudy,dusk,car,wet_surface,0,28.574592498296386,77.23687702542202
ACC-1446,2026-04-17,14:35,14,2026-04,L005,Metro Link Turn,west,local_road,moderate,,dusk,two_wheeler,wet_surface,0,28.60213586715399,77.19146361864439
ACC-0213,2026-04-07,08:15,8,2026-04,L011,Depot Crossing,south,junction,minor,cloudy,night_poor_light,two_wheeler,wrong_side_entry,0,28.571723010072528,77.22381299399802
ACC-0379,2026-05-27,10:45,10,2026-05,L004,School Gate Road,north,junction,minor,wind,dusk,car,signal_violation,0,28.632278431569407,77.20004652991227
ACC-0014,2026-06-04,04:10,4,2026-06,L006,Industrial Belt Exit,south,junction,critical,cloudy,,two_wheeler,overspeeding,3,28.5742566388014,77.24578684425161
ACC-0478,2026-03-31,11:10,11,2026-03,L003,Market Ring Road,central,arterial,moderate,cloudy,daylight,two_wheeler,low_visibility,1,28.60740126220126,77.21965044984746
ACC-1024,2026-03-19,09:25,9,2026-03,L005,Metro Link Turn,west,arterial,major,clear,daylight,truck,wrong_side_entry,1,28.59416175294648,77.17850038014423
ACC-1643,2026-04-20,12:40,12,2026-04,L010,Airport Link Signal,east,arterial,minor,clear,daylight,two_wheeler,low_visibility,0,28.630465321390542,77.2600206621182
ACC-0057,2026-05-26,06:00,6,2026-05,L006,Industrial Belt Exit,south,arterial,moderate,clear,night_poor_light,cycle,wet_surface,1,28.56382313727956,77.24060207052236
ACC-0850,2026-06-10,00:25,0,2026-06,L006,Industrial Belt Exit,south,local_road,minor,fog,night_poor_light,two_wheeler,low_visibility,0,28.571364683939837,77.23624071030227
ACC-0737,2026-04-15,20:05,20,2026-04,L004,School Gate Road,north,local_road,moderate,clear,daylight,truck,wrong_side_entry,1,28.633859359984896,77.20061619945632
ACC-0924,2026-02-07,12:45,12,2026-02,L012,Green Park Turn,west,local_road,minor,clear,night_poor_light,car,wet_surface,0,28.569671418098892,77.19515022520382
ACC-1854,2026-06-04,18:20,18,2026-06,L009,Hospital Service Road,central,junction,minor,rain,night_poor_light,car,low_visibility,0,28.61642022687129,77.20779865140568
ACC-0189,2026-02-06,14:50,14,2026-02,L006,Industrial Belt Exit,south,highway_ramp,moderate,clear,dusk,cycle,low_visibility,0,28.568772765194606,77.23949512457256
ACC-0391,2026-06-20,19:30,19,2026-06,L004,School Gate Road,north,arterial,major,clear,night_lit,bus,tailgating,2,28.635548509442845,77.2064822315826
ACC-1162,2026-05-16,06:05,6,2026-05,L001,Maple Junction,central,arterial,minor,rain,daylight,two_wheeler,,0,28.606240111855193,77.20928520388034
ACC-0564,2026-03-18,22:05,22,2026-03,L009,Hospital Service Road,central,service_road,moderate,clear,night_lit,car,tailgating,1,28.622442448289135,77.20316180879055
ACC-0945,2026-01-13,09:35,9,2026-01,L006,Industrial Belt Exit,south,arterial,minor,clear,night_lit,bus,wet_surface,0,28.57701341247677,77.24122667228757
ACC-1420,2026-05-21,16:30,16,2026-05,L006,Industrial Belt Exit,south,junction,minor,clear,daylight,bus,wet_surface,0,28.563218464641132,77.25046703972686
ACC-1361,2026-05-08,18:15,18,2026-05,L007,Lakeview Avenue,west,collector_road,critical,wind,night_lit,auto_rickshaw,signal_violation,3,28.594733144135052,77.17002494339442
ACC-0135,2026-04-01,23:55,23,2026-04,L003,Market Ring Road,central,junction,major,rain,dusk,bus,wrong_side_entry,1,28.598267030428335,77.21808052110836
ACC-1467,2026-02-27,13:55,13,2026-02,L003,Market Ring Road,central,arterial,major,rain,night_poor_light,two_wheeler,tailgating,1,28.6068590106845,77.2265094953879
ACC-1429,2026-05-15,18:10,18,2026-05,L005,Metro Link Turn,west,arterial,minor,rain,dusk,bus,wet_surface,0,28.60262857546407,77.19025062591403
ACC-1483,2026-05-28,02:35,2,2026-05,L004,School Gate Road,north,arterial,moderate,clear,night_lit,car,signal_violation,1,28.639672949263286,77.19436053924636
ACC-0095,2026-02-20,05:20,5,2026-02,L003,Market Ring Road,central,local_road,moderate,clear,night_poor_light,auto_rickshaw,,0,28.61094102205189,77.2222909455493
ACC-1423,2026-04-26,13:25,13,2026-04,L002,Riverside Flyover,east,flyover,minor,rain,night_poor_light,truck,pedestrian_conflict,0,28.61964174540961,77.24171870479057
ACC-0118,2026-03-23,08:50,8,2026-03,L003,Market Ring Road,central,local_road,minor,cloudy,night_lit,bus,signal_violation,0,28.601872338682735,77.22753860749651
ACC-0978,2026-05-07,02:00,2,2026-05,L002,Riverside Flyover,east,flyover,moderate,rain,daylight,cycle,wrong_side_entry,0,28.62151290909472,77.24247092471032
ACC-0449,2026-03-01,21:00,21,2026-03,L003,Market Ring Road,central,junction,minor,rain,daylight,auto_rickshaw,tailgating,0,28.60586912920112,77.23285228885533
ACC-1665,2026-02-03,22:00,22,2026-02,L004,School Gate Road,north,local_road,moderate,fog,dusk,bus,signal_violation,1,28.640397590433594,77.2038667350574
ACC-0188,2026-01-09,15:05,15,2026-01,L002,Riverside Flyover,east,flyover,minor,clear,night_poor_light,car,pedestrian_conflict,1,28.612813687059123,77.24491810984914
ACC-1793,2026-03-02,07:30,7,2026-03,L004,School Gate Road,north,junction,minor,wind,daylight,auto_rickshaw,tailgating,0,28.64101040974153,77.20666576423723
ACC-0462,2026-01-04,22:30,22,2026-01,L001,Maple Junction,central,signalized_crossing,moderate,cloudy,night_poor_light,car,tailgating,1,28.613994110578542,77.21201832656547
ACC-1728,2026-05-20,01:40,1,2026-05,L003,Market Ring Road,central,local_road,minor,clear,night_poor_light,truck,low_visibility,0,28.59959677505455,77.22904901790008
ACC-0550,2026-04-01,16:00,16,2026-04,L007,Lakeview Avenue,west,collector_road,minor,wind,night_lit,two_wheeler,signal_violation,1,28.59417321133976,77.17881096514678
ACC-1926,2026-06-09,11:10,11,2026-06,L006,Industrial Belt Exit,south,arterial,minor,rain,night_lit,two_wheeler,pedestrian_conflict,0,28.56925456766112,77.23834979749496
ACC-0757,2026-02-13,14:20,14,2026-02,L010,Airport Link Signal,east,junction,minor,wind,daylight,auto_rickshaw,overspeeding,0,28.63470509333634,77.26009364141797
ACC-0619,2026-05-19,06:55,6,2026-05,L009,Hospital Service Road,central,service_road,moderate,clear,night_poor_light,two_wheeler,tailgating,1,28.623319455382404,77.20886516521229
ACC-1047,2026-04-21,16:45,16,2026-04,L001,Maple Junction,central,local_road,moderate,wind,dusk,two_wheeler,wet_surface,0,28.615643863126653,77.20831767029074
ACC-0663,2026-03-17,18:30,18,2026-03,L001,Maple Junction,central,arterial,moderate,clear,night_lit,car,low_visibility,0,28.609590104544377,77.20829003901262
ACC-1474,2026-03-15,00:20,0,2026-03,L006,Industrial Belt Exit,south,arterial,moderate,rain,night_poor_light,two_wheeler,low_visibility,0,28.576780749167888,77.23819079708896
ACC-0234,2026-03-12,20:35,20,2026-03,L012,Green Park Turn,west,junction,major,clear,night_lit,auto_rickshaw,tailgating,1,28.57801031524487,77.18742285017669
ACC-1807,2026-05-10,18:35,18,2026-05,L002,Riverside Flyover,east,flyover,major,clear,night_poor_light,cycle,signal_violation,2,28.614895961647935,77.23814417702991
ACC-0063,2026-05-12,18:50,18,2026-05,L007,Lakeview Avenue,west,junction,minor,clear,daylight,bus,wrong_side_entry,0,28.583834338063156,77.17736556942796
ACC-0163,2026-02-27,13:25,13,2026-02,L007,Lakeview Avenue,west,junction,moderate,clear,dusk,truck,pedestrian_conflict,0,28.590390083974757,77.17059615842632
ACC-1356,2026-02-02,18:15,18,2026-02,L002,Riverside Flyover,east,flyover,minor,rain,night_lit,bus,wrong_side_entry,0,28.619085994118496,77.23581895611423
ACC-0130,2026-06-27,08:15,8,2026-06,L004,School Gate Road,north,junction,minor,,night_lit,truck,tailgating,0,28.63073508681054,77.20301887235449
ACC-1849,2026-06-06,11:50,11,2026-06,L001,Maple Junction,central,arterial,moderate,clear,night_lit,two_wheeler,overspeeding,1,28.618931118934984,77.22191875234634
ACC-0429,2026-04-09,02:45,2,2026-04,L007,Lakeview Avenue,west,collector_road,moderate,clear,night_lit,bus,overspeeding,0,28.593775502379973,77.17303566793046
ACC-0758,2026-06-10,06:30,6,2026-06,L004,School Gate Road,north,arterial,minor,clear,daylight,auto_rickshaw,overspeeding,0,28.636858712367463,77.20846060619243
ACC-0430,2026-06-14,18:50,18,2026-06,L001,Maple Junction,central,junction,minor,clear,daylight,truck,signal_violation,0,28.612866556397627,77.21488560853105
ACC-1193,2026-05-22,05:55,5,2026-05,L006,Industrial Belt Exit,south,junction,moderate,clear,daylight,two_wheeler,pedestrian_conflict,0,28.57869524190412,77.24427774548265
ACC-0162,2026-05-25,14:20,14,2026-05,L010,Airport Link Signal,east,junction,major,clear,night_lit,two_wheeler,wrong_side_entry,2,28.639069321461758,77.25246317054913
ACC-0062,2026-06-06,19:35,19,2026-06,L005,Metro Link Turn,west,local_road,major,clear,night_poor_light,two_wheeler,low_visibility,2,28.591258353399724,77.18992839065912
ACC-0651,2026-05-23,12:45,12,2026-05,L008,Old Bridge Approach,north,bridge_approach,moderate,wind,dusk,bus,low_visibility,0,28.6501072180584,77.22263438282486
ACC-0733,2026-02-05,00:15,0,2026-02,L007,Lakeview Avenue,west,collector_road,minor,wind,dusk,cycle,signal_violation,0,28.589352451712465,77.17603852559314
ACC-1640,2026-01-22,06:00,6,2026-01,L003,Market Ring Road,central,local_road,minor,clear,daylight,car,tailgating,0,28.598694203187392,77.22277957177953
ACC-0455,2026-05-23,22:30,22,2026-05,L005,Metro Link Turn,west,junction,moderate,,daylight,car,signal_violation,1,28.59051390571644,77.18801812686606
ACC-0811,2026-02-14,00:00,0,2026-02,L006,Industrial Belt Exit,south,local_road,major,rain,daylight,car,pedestrian_conflict,2,28.571861493614897,77.23760603504769
ACC-1207,2026-04-24,00:15,0,2026-04,L011,Depot Crossing,south,local_road,minor,rain,night_poor_light,two_wheeler,pedestrian_conflict,0,28.562361646597836,77.22709249865333
ACC-0597,2026-05-12,13:30,13,2026-05,L002,Riverside Flyover,east,flyover,minor,clear,dusk,cycle,signal_violation,0,28.62713170853972,77.24338455415551
ACC-0205,2026-04-12,20:40,20,2026-04,L006,Industrial Belt Exit,south,junction,critical,clear,night_lit,two_wheeler,sudden_lane_change,3,28.56456347053355,77.23814212968999
ACC-1891,2026-01-16,00:55,0,2026-01,L011,Depot Crossing,south,local_road,major,clear,night_lit,two_wheeler,overspeeding,2,28.567385989826715,77.22482563170148
ACC-1084,2026-06-12,02:45,2,2026-06,L006,Industrial Belt Exit,south,local_road,moderate,clear,night_poor_light,bus,low_visibility,0,28.57675329771237,77.24538626659438
ACC-0897,2026-06-26,10:05,10,2026-06,L003,Market Ring Road,central,junction,minor,clear,daylight,two_wheeler,pedestrian_conflict,0,28.613617970759766,77.21772898680108
ACC-0747,2026-05-03,10:30,10,2026-05,L003,market ring road,central,arterial,moderate,rain,daylight,car,overspeeding,0,28.61385068062802,77.22291306074396
ACC-0865,2026-06-11,19:55,19,2026-06,L003,Market Ring Road,central,arterial,moderate,wind,,bus,overspeeding,0,28.610558937167394,77.23140156490396
ACC-0369,2026-06-22,12:05,12,2026-06,L004,School Gate Road,north,junction,major,,daylight,auto_rickshaw,wrong_side_entry,1,28.631996221835937,77.19892769025995
ACC-1897,2026-03-16,05:25,5,2026-03,L001,Maple Junction,central,signalized_crossing,minor,wind,night_poor_light,two_wheeler,pedestrian_conflict,0,28.611164756904547,77.22134647028653
ACC-0116,2026-02-08,18:30,18,2026-02,L006,Industrial Belt Exit,south,junction,moderate,clear,daylight,two_wheeler,sudden_lane_change,0,28.575865223391318,77.24127266746046
ACC-0935,2026-06-25,20:55,20,2026-06,L002,Riverside Flyover,east,flyover,major,clear,night_poor_light,two_wheeler,low_visibility,2,28.616442961284562,77.24105047506414
ACC-0509,2026-06-06,22:00,22,2026-06,L006,Industrial Belt Exit,south,junction,major,wind,dusk,two_wheeler,signal_violation,2,28.577268934024676,77.24532436018836
ACC-1410,2026-01-08,00:55,0,2026-01,L012,Green Park Turn,west,arterial,major,rain,night_lit,truck,signal_violation,2,28.575908262856892,77.19678836284743
ACC-1612,2026-06-19,08:45,8,2026-06,L004,School Gate Road,north,junction,minor,wind,night_poor_light,car,overspeeding,0,28.64031662588836,77.20117093139069
ACC-0511,2026-02-02,05:30,5,2026-02,L006,Industrial Belt Exit,south,arterial,moderate,clear,night_poor_light,cycle,signal_violation,0,28.563421661111548,77.248509160973
ACC-0574,2026-02-19,16:40,16,2026-02,L001,Maple Junction,central,signalized_crossing,minor,rain,night_lit,two_wheeler,wet_surface,0,28.617604944218776,77.20958206837867
ACC-1648,2026-01-25,16:30,16,2026-01,L009,Hospital Service Road,central,local_road,critical,fog,daylight,car,wet_surface,3,28.621598637782675,77.20024998615891
ACC-1589,2026-05-16,17:15,17,2026-05,L007,Lakeview Avenue,west,collector_road,minor,clear,daylight,truck,tailgating,0,28.585085760827315,77.17195028893413
ACC-1219,2026-05-09,11:25,11,2026-05,L011,Depot Crossing,south,arterial,minor,cloudy,daylight,auto_rickshaw,overspeeding,0,28.569584782397353,77.22198502942818
ACC-0276,2026-05-13,17:30,17,2026-05,L008,Old Bridge Approach,north,bridge_approach,minor,rain,dusk,auto_rickshaw,low_visibility,0,28.64635947850589,77.2152734050515
ACC-0142,2026-06-23,09:00,9,2026-06,L012,Green Park Turn,west,arterial,moderate,cloudy,dusk,auto_rickshaw,low_visibility,1,28.571136221604018,77.1971194062703
ACC-1161,2026-02-27,08:50,8,2026-02,L004,School Gate Road ,north,arterial,critical,clear,daylight,car,wrong_side_entry,3,28.64244846949673,77.19464171873055
ACC-0210,2026-03-07,14:45,14,2026-03,L008,Old Bridge Approach,north,bridge_approach,moderate,fog,night_lit,truck,tailgating,1,28.645424125579154,77.22070181452787
ACC-1651,2026-05-09,19:10,19,2026-05,L006,Industrial Belt Exit,south,local_road,major,clear,night_lit,auto_rickshaw,pedestrian_conflict,2,28.5652837148024,77.24246309290427
ACC-0943,2026-05-29,06:55,6,2026-05,L006,Industrial Belt Exit,south,highway_ramp,minor,clear,night_lit,two_wheeler,low_visibility,0,28.564006866188585,77.24300596410919
ACC-0017,2026-01-25,15:55,15,2026-01,L004,School Gate Road,north,arterial,moderate,wind,daylight,car,sudden_lane_change,0,28.644102659274616,77.19339658179037
ACC-1835,2026-05-22,03:30,3,2026-05,L005,Metro Link Turn,west,arterial,minor,wind,dusk,car,tailgating,0,28.591231122055035,77.17837915193302
ACC-1443,2026-02-27,17:45,17,2026-02,L008,Old Bridge Approach,north,bridge_approach,moderate,cloudy,daylight,auto_rickshaw,sudden_lane_change,0,28.65150625620585,77.2176974575835
ACC-0159,2026-06-03,04:35,4,2026-06,L004,School Gate Road,north,junction,major,rain,night_poor_light,car,wrong_side_entry,2,28.638360992167197,77.1997135013476
ACC-0541,2026-02-05,19:05,19,2026-02,L001,Maple Junction,central,local_road,minor,wind,night_lit,car,tailgating,0,28.612374490704898,77.22043440014919
ACC-0042,2026-03-16,10:35,10,2026-03,L009,Hospital Service Road,central,service_road,moderate,clear,daylight,bus,low_visibility,0,28.626696207615797,77.20657240152879
ACC-0586,2026-04-04,17:55,17,2026-04,L007,Lakeview Avenue,west,junction,minor,clear,dusk,car,overspeeding,0,28.58621090018233,77.1732634607531
ACC-0038,2026-02-02,18:10,18,2026-02,L005,Metro Link Turn,west,local_road,moderate,clear,night_poor_light,truck,sudden_lane_change,0,28.597520166319363,77.18253356949488
ACC-0289,2026-04-04,03:15,3,2026-04,L009,Hospital Service Road,central,arterial,moderate,fog,night_poor_light,two_wheeler,signal_violation,0,28.61456902614082,77.21180396585615
ACC-0103,2026-06-19,09:35,9,2026-06,L009,Hospital Service Road,central,arterial,minor,cloudy,night_poor_light,truck,tailgating,0,28.613975322193706,77.21517632408043
ACC-1053,2026-01-30,22:55,22,2026-01,L011,Depot Crossing,south,arterial,minor,fog,night_lit,auto_rickshaw,wet_surface,1,28.558281473836054,77.228923140951
ACC-1364,2026-05-28,02:10,2,2026-05,L006,Industrial Belt Exit,south,highway_ramp,major,rain,night_lit,truck,overspeeding,1,28.575787979003646,77.250333299445
ACC-0153,2026-05-29,10:00,10,2026-05,L003,Market Ring Road,central,arterial,moderate,clear,night_lit,bus,signal_violation,0,28.609721351911983,77.23250562920168
ACC-0452,2026-03-26,16:05,16,2026-03,L010,Airport Link Signal,east,junction,major,clear,dusk,truck,wet_surface,2,28.63814246716858,77.25815403605505
ACC-0996,2026-05-14,18:10,18,2026-05,L012,Green Park Turn,west,arterial,major,fog,dusk,bus,pedestrian_conflict,1,28.57948146500322,77.19830133845142
ACC-0649,2026-04-23,08:15,8,2026-04,L009,Hospital Service Road,central,local_road,moderate,rain,daylight,cycle,overspeeding,1,28.62220694529685,77.20302952941655
ACC-1524,2026-04-19,18:55,18,2026-04,L006,Industrial Belt Exit,south,arterial,minor,clear,daylight,car,signal_violation,0,28.575681704333093,77.23609417230115
ACC-0206,2026-05-26,00:30,0,2026-05,L002,Riverside Flyover,east,flyover,minor,clear,night_poor_light,two_wheeler,signal_violation,0,28.622425214956447,77.23405812361972
ACC-0577,2026-04-21,12:50,12,2026-04,L002,Riverside Flyover,east,flyover,major,fog,night_lit,auto_rickshaw,wrong_side_entry,1,28.618606288868968,77.23543735398555
ACC-1535,2026-03-10,18:55,18,2026-03,L004,School Gate Road,north,local_road,moderate,fog,dusk,truck,wet_surface,0,28.64198376700368,77.20887424856352
ACC-1710,2026-01-18,13:55,13,2026-01,L003,Market Ring Road,central,local_road,minor,clear,dusk,bus,signal_violation,0,28.60609247781704,77.2219712617759
ACC-0375,2026-01-02,15:15,15,2026-01,L011,Depot Crossing,south,arterial,minor,fog,daylight,truck,low_visibility,0,28.564254579947463,77.22042734548988
ACC-0643,2026-06-16,11:10,11,2026-06,L009,Hospital Service Road,central,arterial,critical,rain,daylight,cycle,pedestrian_conflict,3,28.618501261101436,77.20543642639969
ACC-0781,2026-04-15,13:30,13,2026-04,L006,Industrial Belt Exit,south,junction,major,rain,dusk,truck,sudden_lane_change,1,,
ACC-1627,2026-06-25,20:10,20,2026-06,L003,Market Ring Road,central,junction,moderate,clear,dusk,two_wheeler,tailgating,0,28.607905271878092,77.22870785679791
ACC-1961,2026-05-29,14:25,14,2026-05,L010,Airport Link Signal,east,arterial,minor,wind,daylight,two_wheeler,pedestrian_conflict,0,28.62930538837396,77.2573861140886
ACC-1271,2026-03-08,19:55,19,2026-03,L005,Metro Link Turn,west,junction,major,clear,night_poor_light,car,tailgating,1,28.59620998683512,77.19109121529965
ACC-1774,2026-03-10,19:35,19,2026-03,L003,Market Ring Road,central,local_road,moderate,rain,daylight,bus,pedestrian_conflict,0,28.6061228552464,77.23139137580027
ACC-0773,2026-04-12,10:10,10,2026-04,L003,Market Ring Road,central,arterial,major,rain,dusk,truck,wrong_side_entry,1,28.611832927653648,77.22216836262318
ACC-1223,2026-01-05,10:20,10,2026-01,L002,Riverside Flyover,east,flyover,moderate,rain,night_lit,two_wheeler,tailgating,1,28.614959862704207,77.2389972316139
ACC-0339,2026-05-24,21:50,21,2026-05,L006,Industrial Belt Exit,south,junction,major,fog,daylight,auto_rickshaw,wrong_side_entry,2,28.57823040301827,77.24210225487859
ACC-1607,2026-03-31,13:10,13,2026-03,L007,Lakeview Avenue,west,collector_road,minor,fog,night_lit,cycle,sudden_lane_change,0,28.58159070138384,77.1788451311369
ACC-1755,2026-06-09,08:45,8,2026-06,L009,Hospital Service Road,central,local_road,minor,clear,dusk,car,tailgating,0,28.616760628917525,77.20078906041829
ACC-1786,2026-03-28,12:40,12,2026-03,L004,school gate road,north,local_road,major,rain,night_poor_light,cycle,sudden_lane_change,1,28.642497594469667,77.20630317036029
ACC-1444,2026-04-06,19:30,19,2026-04,L011,Depot Crossing,south,arterial,major,rain,daylight,bus,pedestrian_conflict,1,28.564527685877295,77.22392942348188
ACC-0778,2026-01-19,06:35,6,2026-01,L004,School Gate Road,north,junction,major,wind,,truck,low_visibility,1,28.636879377201016,77.20274338025352
ACC-0908,2026-04-30,09:05,9,2026-04,L005,Metro Link Turn,west,arterial,minor,clear,night_lit,car,sudden_lane_change,0,28.59036885743221,77.1799082227174
ACC-0037,2026-04-10,12:25,12,2026-04,L008,old bridge approach,north,bridge_approach,critical,rain,dusk,car,signal_violation,3,28.65275254277257,77.22065941825512
ACC-0604,2026-06-25,15:40,15,2026-06,L001,Maple Junction,central,signalized_crossing,major,clear,night_lit,truck,signal_violation,2,28.606019650708983,77.21063400089444
ACC-0107,2026-02-02,15:10,15,2026-02,L009,Hospital Service Road,central,local_road,minor,wind,night_lit,two_wheeler,overspeeding,0,28.61668029801605,77.20911663220326
ACC-0171,2026-02-23,20:15,20,2026-02,L002,Riverside Flyover,east,flyover,moderate,clear,daylight,car,pedestrian_conflict,0,28.62364531058315,77.23954191869785
ACC-1263,2026-02-02,18:50,18,2026-02,L006,Industrial Belt Exit,south,arterial,minor,rain,dusk,cycle,pedestrian_conflict,1,28.573320899296043,77.24667139212815
ACC-1883,2026-03-04,03:25,3,2026-03,L004,School Gate Road,north,arterial,moderate,fog,night_lit,auto_rickshaw,overspeeding,1,28.640200148739307,77.20185785246974
ACC-0786,2026-02-21,16:55,16,2026-02,L008,Old Bridge Approach,north,bridge_approach,major,clear,dusk,truck,signal_violation,2,28.654328392470443,77.21633784217619
ACC-1103,2026-03-11,17:50,17,2026-03,L003,Market Ring Road,central,junction,moderate,clear,daylight,bus,wrong_side_entry,0,28.60720855279475,77.22292124609956
ACC-1615,2026-03-27,19:00,19,2026-03,L010,Airport Link Signal,east,junction,minor,clear,night_lit,two_wheeler,wrong_side_entry,1,28.635291460742458,77.25636137703253
ACC-1020,2026-03-03,15:55,15,2026-03,L001,Maple Junction,central,signalized_crossing,minor,clear,daylight,two_wheeler,sudden_lane_change,0,28.615658283496646,77.20988419807668
ACC-0527,2026-06-02,04:55,4,2026-06,L004,School Gate Road,north,junction,major,rain,night_lit,truck,wrong_side_entry,2,28.63215368863743,77.19593521246